region,va_start,va_end_exclusive,bytes,all_three_identical,sha256
main_and_pools,0x2480,0x274c,716,True,45da43bbe9e0f81a0e0051a257a89b27c61d71ac6b9131fa0251514f5c0825bd
usb_handler,0x274c,0x277c,48,True,9e041f81f96e7f9b79c3ffd6c5451d665746bdbf4134ba7438bb51d74c4f5f0a
tcpip_handler,0x277c,0x2800,132,True,ee9e17c88d7a12063e6591666d4821f166149e0308419e94b0f2ff75699ee47f
root_handler,0x298c,0x2a34,168,True,be5164928b0be1604c2ead15f6e9f3fa4052515f16a2d7892ada2fb99b9413ba
unroot_handler,0x2a34,0x2a84,80,True,b67de82c7546135f245f106c38cb2560b572e1156f78c8ce0d945ce79264160f
serial_auxiliary,0x2a84,0x2b88,260,True,cd20d28e3db33cfdd94b3b716b8ccafeda7b0120e5a74fabb3a6dc695b30db64
create_service_thread,0x2c50,0x2da4,340,True,a46582436fb8a2285662aed3df704515d075b5b07978aaf4fbe542b41c7ffc62
shell_handler_region,0x2e70,0x3274,1028,True,3243d90fb8f8baa238c10f0aaaf44087bb78147edaab89cf91abbd45d53b52b2
boot_token_gate_and_pools,0x34d0,0x3560,144,True,3b2cf2657326f53b96249fb1ff5b3300689a5b2e5414b107b6d9e326d0befbe6
serial_authorization_region,0x3864,0x3990,300,True,1961a901e55b99bcf9d800584559d3e3a42321dcb856c3e8c2f6f88909c3b7e7
