path,current_hash,package_hash,same,archive,package_path,status
at_debug.html,7b7f1d4253f857f099d210e0b2f72b6b00bd287e8eff180d5b3e2616b2eaf600,,False,web后台备份工具.zip,,NOT_PRESENT
at_debug.html,7b7f1d4253f857f099d210e0b2f72b6b00bd287e8eff180d5b3e2616b2eaf600,,False,阿乐卡MF650高级后台.zip,,NOT_PRESENT
at_debug.html,7b7f1d4253f857f099d210e0b2f72b6b00bd287e8eff180d5b3e2616b2eaf600,,False,高级后台断网修复包-1.zip,,NOT_PRESENT
mf650.html,bc4a01ccbb817ee801c7a16c32e18385b9aa0dc34e75e8f53182c6361b2fbbc8,,False,web后台备份工具.zip,,NOT_PRESENT
mf650.html,bc4a01ccbb817ee801c7a16c32e18385b9aa0dc34e75e8f53182c6361b2fbbc8,,False,阿乐卡MF650高级后台.zip,,NOT_PRESENT
mf650.html,bc4a01ccbb817ee801c7a16c32e18385b9aa0dc34e75e8f53182c6361b2fbbc8,,False,高级后台断网修复包-1.zip,,NOT_PRESENT
system.html,8b3721397ad8682f2483fef7129097e54b5fb59c969442fa753516892c3ae204,,False,web后台备份工具.zip,,NOT_PRESENT
system.html,8b3721397ad8682f2483fef7129097e54b5fb59c969442fa753516892c3ae204,,False,阿乐卡MF650高级后台.zip,,NOT_PRESENT
system.html,8b3721397ad8682f2483fef7129097e54b5fb59c969442fa753516892c3ae204,,False,高级后台断网修复包-1.zip,,NOT_PRESENT
