archive,keyword,raw_hits
web后台备份工具.zip,/api/device/info,0
web后台备份工具.zip,/api/device/status,0
web后台备份工具.zip,/api/system/info,0
web后台备份工具.zip,/api/system/check-update,0
web后台备份工具.zip,/api/system/apply-update,0
web后台备份工具.zip,/api/at-debug,0
web后台备份工具.zip,memory_usage,0
web后台备份工具.zip,system_status,0
web后台备份工具.zip,v5.2.4,0
web后台备份工具.zip,5.2.4,0
web后台备份工具.zip,mf650.html,0
web后台备份工具.zip,system.html,0
web后台备份工具.zip,at_debug.html,0
web后台备份工具.zip,cpu_usage,0
web后台备份工具.zip,battery,1
web后台备份工具.zip,temperature,2
web后台备份工具.zip,/proc/meminfo,0
web后台备份工具.zip,MemAvailable,0
web后台备份工具.zip,MemTotal,0
web后台备份工具.zip,MemFree,0
web后台备份工具.zip,Buffers,8
web后台备份工具.zip,Cached,3
web后台备份工具.zip,SReclaimable,0
web后台备份工具.zip,sysinfo,0
web后台备份工具.zip,mem_usage,0
web后台备份工具.zip,8081,1
web后台备份工具.zip,6391,0
web后台备份工具.zip,8152,0
阿乐卡MF650高级后台.zip,/api/device/info,0
阿乐卡MF650高级后台.zip,/api/device/status,0
阿乐卡MF650高级后台.zip,/api/system/info,0
阿乐卡MF650高级后台.zip,/api/system/check-update,0
阿乐卡MF650高级后台.zip,/api/system/apply-update,0
阿乐卡MF650高级后台.zip,/api/at-debug,0
阿乐卡MF650高级后台.zip,memory_usage,0
阿乐卡MF650高级后台.zip,system_status,14
阿乐卡MF650高级后台.zip,v5.2.4,0
阿乐卡MF650高级后台.zip,5.2.4,0
阿乐卡MF650高级后台.zip,mf650.html,0
阿乐卡MF650高级后台.zip,system.html,0
阿乐卡MF650高级后台.zip,at_debug.html,0
阿乐卡MF650高级后台.zip,cpu_usage,14
阿乐卡MF650高级后台.zip,battery,58
阿乐卡MF650高级后台.zip,temperature,11
阿乐卡MF650高级后台.zip,/proc/meminfo,0
阿乐卡MF650高级后台.zip,MemAvailable,0
阿乐卡MF650高级后台.zip,MemTotal,0
阿乐卡MF650高级后台.zip,MemFree,0
阿乐卡MF650高级后台.zip,Buffers,12
阿乐卡MF650高级后台.zip,Cached,49
阿乐卡MF650高级后台.zip,SReclaimable,0
阿乐卡MF650高级后台.zip,sysinfo,114
阿乐卡MF650高级后台.zip,mem_usage,14
阿乐卡MF650高级后台.zip,8081,2
阿乐卡MF650高级后台.zip,6391,0
阿乐卡MF650高级后台.zip,8152,0
高级后台断网修复包-1.zip,/api/device/info,0
高级后台断网修复包-1.zip,/api/device/status,0
高级后台断网修复包-1.zip,/api/system/info,0
高级后台断网修复包-1.zip,/api/system/check-update,0
高级后台断网修复包-1.zip,/api/system/apply-update,0
高级后台断网修复包-1.zip,/api/at-debug,0
高级后台断网修复包-1.zip,memory_usage,0
高级后台断网修复包-1.zip,system_status,44
高级后台断网修复包-1.zip,v5.2.4,0
高级后台断网修复包-1.zip,5.2.4,0
高级后台断网修复包-1.zip,mf650.html,0
高级后台断网修复包-1.zip,system.html,0
高级后台断网修复包-1.zip,at_debug.html,0
高级后台断网修复包-1.zip,cpu_usage,50
高级后台断网修复包-1.zip,battery,42
高级后台断网修复包-1.zip,temperature,21
高级后台断网修复包-1.zip,/proc/meminfo,0
高级后台断网修复包-1.zip,MemAvailable,0
高级后台断网修复包-1.zip,MemTotal,0
高级后台断网修复包-1.zip,MemFree,0
高级后台断网修复包-1.zip,Buffers,22
高级后台断网修复包-1.zip,Cached,60
高级后台断网修复包-1.zip,SReclaimable,0
高级后台断网修复包-1.zip,sysinfo,268
高级后台断网修复包-1.zip,mem_usage,53
高级后台断网修复包-1.zip,8081,7
高级后台断网修复包-1.zip,6391,0
高级后台断网修复包-1.zip,8152,0
