sha256,archives,paths,size
d60103a5e99bc9888f786ee916f5d6e45493c3247972cb053833803de7e95cf9,web后台备份工具.zip|阿乐卡MF650高级后台.zip|高级后台断网修复包-1.zip,web后台备份工具/AdbWinApi.dll|阿乐卡MF650高级后台/AdbWinApi.dll|高级后台断网修复包1/AdbWinApi.dll,97792
25207c506d29c4e8dceb61b4bd50e8669ba26012988a43fbf26a890b1e60fc97,web后台备份工具.zip|阿乐卡MF650高级后台.zip|高级后台断网修复包-1.zip,web后台备份工具/AdbWinUsbApi.dll|阿乐卡MF650高级后台/AdbWinUsbApi.dll|高级后台断网修复包1/AdbWinUsbApi.dll,62976
bce1f6f6f6532266837b66d719bfbd177d406d6d7d8d5adfd5e7c59fcde651a5,web后台备份工具.zip|阿乐卡MF650高级后台.zip|高级后台断网修复包-1.zip,web后台备份工具/adb.exe|阿乐卡MF650高级后台/adb.exe|高级后台断网修复包1/adb.exe,5992960
161f7fb97a4a3230f97d11ed15d77632fa1ae38a2226d8d66fbceb923b4c24dd,阿乐卡MF650高级后台.zip|高级后台断网修复包-1.zip,阿乐卡MF650高级后台/ALKMF650.zip!www/bootstrap/css/engage.itoggle.css|高级后台断网修复包1/www/bootstrap/css/engage.itoggle.css,1323
82086ad24fc67786d4bd793729d3298602527b4fb510bd93ca4c30516d4bf302,阿乐卡MF650高级后台.zip|高级后台断网修复包-1.zip,阿乐卡MF650高级后台/ALKMF650.zip!www/bootstrap/img/ajax-loader.gif|高级后台断网修复包1/www/bootstrap/img/ajax-loader.gif,723
a9175a8ca7939ab3791112fc6e33a4cf2535ddf60512e62459fa51966d4287c3,阿乐卡MF650高级后台.zip|高级后台断网修复包-1.zip,阿乐卡MF650高级后台/ALKMF650.zip!www/bootstrap/img/arrow-right.png|高级后台断网修复包1/www/bootstrap/img/arrow-right.png,1233
d4254b1820d8c7040e4c410b84979c04298033e9f547aa31edc3a9748e5b1b18,阿乐卡MF650高级后台.zip|高级后台断网修复包-1.zip,阿乐卡MF650高级后台/ALKMF650.zip!www/bootstrap/img/asus_logo.png|高级后台断网修复包1/www/bootstrap/img/asus_logo.png,19619
608a219325ab693ee8fb368ea2692b4a58dcbc9ff0e0534ea17f66b4b1b53dbd,阿乐卡MF650高级后台.zip|高级后台断网修复包-1.zip,阿乐卡MF650高级后台/ALKMF650.zip!www/bootstrap/img/battery/Thumbs.db|高级后台断网修复包1/www/bootstrap/img/battery/Thumbs.db,7168
495032d5e8d0909e863b12b16f378aa644343431c69671545619facdefc32190,阿乐卡MF650高级后台.zip|高级后台断网修复包-1.zip,阿乐卡MF650高级后台/ALKMF650.zip!www/bootstrap/img/battery/battery_0.png|高级后台断网修复包1/www/bootstrap/img/battery/battery_0.png,14949
001bff930ad7459498b0746da4d049bb73071ee4f9b722a76622c93a2c212718,阿乐卡MF650高级后台.zip|高级后台断网修复包-1.zip,阿乐卡MF650高级后台/ALKMF650.zip!www/bootstrap/img/battery/battery_1.png|高级后台断网修复包1/www/bootstrap/img/battery/battery_1.png,15302
e1807abf19727a1c93894538304ee5fb1f6a7aa03e6d5c100bd7ec002997c5df,阿乐卡MF650高级后台.zip|高级后台断网修复包-1.zip,阿乐卡MF650高级后台/ALKMF650.zip!www/bootstrap/img/battery/battery_2.png|高级后台断网修复包1/www/bootstrap/img/battery/battery_2.png,15468
d8b2f7d427a3dc3e4c97afe96695964a2a13e886e11ec17c2eb4afc973a26c27,阿乐卡MF650高级后台.zip|高级后台断网修复包-1.zip,阿乐卡MF650高级后台/ALKMF650.zip!www/bootstrap/img/battery/battery_3.png|高级后台断网修复包1/www/bootstrap/img/battery/battery_3.png,15558
47e7836daf4b3bfb30523f81159008fd774e78bad7ba6532d50de56b693a2a6d,阿乐卡MF650高级后台.zip|高级后台断网修复包-1.zip,阿乐卡MF650高级后台/ALKMF650.zip!www/bootstrap/img/battery/battery_4.png|高级后台断网修复包1/www/bootstrap/img/battery/battery_4.png,15600
77324ae8450a33a4ffc730f878b71de0cc023743459e3953e10fa4963dd60fc8,阿乐卡MF650高级后台.zip|高级后台断网修复包-1.zip,阿乐卡MF650高级后台/ALKMF650.zip!www/bootstrap/img/battery/battery_low.png|高级后台断网修复包1/www/bootstrap/img/battery/battery_low.png,14998
4df3e66f7f6144c0b0d96cb8aab5b1eddb94897d2da1ff1a2011a8fdf0ad2a56,阿乐卡MF650高级后台.zip|高级后台断网修复包-1.zip,阿乐卡MF650高级后台/ALKMF650.zip!www/bootstrap/img/battery/battery_null.png|高级后台断网修复包1/www/bootstrap/img/battery/battery_null.png,14951
f0e0d95a9c8abcdfabf46348e2d4285829bb0491f5f6af0e05af52bffb6324c4,阿乐卡MF650高级后台.zip|高级后台断网修复包-1.zip,阿乐卡MF650高级后台/ALKMF650.zip!www/bootstrap/img/glyphicons-halflings-white.png|高级后台断网修复包1/www/bootstrap/img/glyphicons-halflings-white.png,8777
86924cd006db30b9d4f1418e06cd7bd83eef2be768a10f27d2cff26e6977cced,阿乐卡MF650高级后台.zip|高级后台断网修复包-1.zip,阿乐卡MF650高级后台/ALKMF650.zip!www/bootstrap/img/glyphicons-halflings.png|高级后台断网修复包1/www/bootstrap/img/glyphicons-halflings.png,13826
22c9a1ec1d24c5a8b28624f3037646fa824eb2156131bc0d775c5c839d5fcdb3,阿乐卡MF650高级后台.zip|高级后台断网修复包-1.zip,阿乐卡MF650高级后台/ALKMF650.zip!www/bootstrap/img/icons/Thumbs.db|高级后台断网修复包1/www/bootstrap/img/icons/Thumbs.db,5120
6a95265cbcf46b2c3aa5d0d98833060dd7e3c161dd73fc87565417e3724e3b83,阿乐卡MF650高级后台.zip|高级后台断网修复包-1.zip,阿乐卡MF650高级后台/ALKMF650.zip!www/bootstrap/img/icons/aidisk/Thumbs.db|高级后台断网修复包1/www/bootstrap/img/icons/aidisk/Thumbs.db,8192
43d82f679a93bf88cc339d2ff73e34af4e1ab46734dbd4e457ed44b907e869b6,阿乐卡MF650高级后台.zip|高级后台断网修复包-1.zip,阿乐卡MF650高级后台/ALKMF650.zip!www/bootstrap/img/icons/aidisk/edit.png|高级后台断网修复包1/www/bootstrap/img/icons/aidisk/edit.png,259
ff57a20dc4ca11844fff1277bd5de22c1843352bebc901e82c1a86d0518537c4,阿乐卡MF650高级后台.zip|高级后台断网修复包-1.zip,阿乐卡MF650高级后台/ALKMF650.zip!www/bootstrap/img/icons/aidisk/folder_minus.png|高级后台断网修复包1/www/bootstrap/img/icons/aidisk/folder_minus.png,205
84931e7d5f21c37857b4544648193df2539f68606ee40c2bc1b28ba1e8004db6,阿乐卡MF650高级后台.zip|高级后台断网修复包-1.zip,阿乐卡MF650高级后台/ALKMF650.zip!www/bootstrap/img/icons/aidisk/folder_plus.png|高级后台断网修复包1/www/bootstrap/img/icons/aidisk/folder_plus.png,211
5fce8e23777e59b635ae86800555c69adcdf800fce90133d0f46e7159ea9d70a,阿乐卡MF650高级后台.zip|高级后台断网修复包-1.zip,阿乐卡MF650高级后台/ALKMF650.zip!www/bootstrap/img/icons/aidisk/user_add.png|高级后台断网修复包1/www/bootstrap/img/icons/aidisk/user_add.png,201
5ff8b5a7a43ddec2e806668fe36c388cca08623e49b3b9f9c83b54f5b9536012,阿乐卡MF650高级后台.zip|高级后台断网修复包-1.zip,阿乐卡MF650高级后台/ALKMF650.zip!www/bootstrap/img/icons/aidisk/user_remove.png|高级后台断网修复包1/www/bootstrap/img/icons/aidisk/user_remove.png,194
26d009d09ea27a9e08717c252c6451e473faf3fdabff911e6726c7d143a7afc1,阿乐卡MF650高级后台.zip|高级后台断网修复包-1.zip,阿乐卡MF650高级后台/ALKMF650.zip!www/bootstrap/img/loading_bg.png|高级后台断网修复包1/www/bootstrap/img/loading_bg.png,251
999235260402333e904f47939e40dfdd199d8b355b69fb2432a9c6309a43e8d7,阿乐卡MF650高级后台.zip|高级后台断网修复包-1.zip,阿乐卡MF650高级后台/ALKMF650.zip!www/bootstrap/img/signal/Signal0.gif|高级后台断网修复包1/www/bootstrap/img/signal/Signal0.gif,768
b844676dd538a31ecd61fdb139df1dc5cb5e432963829a8f40bcbd5ba45114b1,阿乐卡MF650高级后台.zip|高级后台断网修复包-1.zip,阿乐卡MF650高级后台/ALKMF650.zip!www/bootstrap/img/signal/Signal1.gif|高级后台断网修复包1/www/bootstrap/img/signal/Signal1.gif,779
40b50769e7554fb92e4fc0f782d83e4d41c9c44eb10f651b2844e5a3efc90e99,阿乐卡MF650高级后台.zip|高级后台断网修复包-1.zip,阿乐卡MF650高级后台/ALKMF650.zip!www/bootstrap/img/signal/Signal2.gif|高级后台断网修复包1/www/bootstrap/img/signal/Signal2.gif,1204
a43fa6c5e28d54d38d96104a77e2fc8f9fd06506b0004dfec5312d06fae33c96,阿乐卡MF650高级后台.zip|高级后台断网修复包-1.zip,阿乐卡MF650高级后台/ALKMF650.zip!www/bootstrap/img/signal/Signal3.gif|高级后台断网修复包1/www/bootstrap/img/signal/Signal3.gif,1221
1fc4682e467444c4c2a674917defaa1ec3e8a674fe636aafd829e779fbda64e8,阿乐卡MF650高级后台.zip|高级后台断网修复包-1.zip,阿乐卡MF650高级后台/ALKMF650.zip!www/bootstrap/img/signal/Signal4.gif|高级后台断网修复包1/www/bootstrap/img/signal/Signal4.gif,1227
bc5f2c1bacf963fdfaa048f96cbba6bdc7c0ee0428ba1630391305e2e96298ac,阿乐卡MF650高级后台.zip|高级后台断网修复包-1.zip,阿乐卡MF650高级后台/ALKMF650.zip!www/bootstrap/img/signal/Signal5.gif|高级后台断网修复包1/www/bootstrap/img/signal/Signal5.gif,1235
39eb6a79bdcf2f562e8c5454b3cead165176832104455364e7f6be514ed40123,阿乐卡MF650高级后台.zip|高级后台断网修复包-1.zip,阿乐卡MF650高级后台/ALKMF650.zip!www/bootstrap/img/signal/Thumbs.db|高级后台断网修复包1/www/bootstrap/img/signal/Thumbs.db,7168
5a3bb1567ffd3cf6269b276f47563078b2d0a846156bca648d9624eb9ef6af1d,阿乐卡MF650高级后台.zip|高级后台断网修复包-1.zip,阿乐卡MF650高级后台/ALKMF650.zip!www/bootstrap/img/wl_device/0.gif|高级后台断网修复包1/www/bootstrap/img/wl_device/0.gif,913
5b77e164a6c218db447fc172c6f4416df49e5fc1a79a2ff28c5b64ad1a8c833b,阿乐卡MF650高级后台.zip|高级后台断网修复包-1.zip,阿乐卡MF650高级后台/ALKMF650.zip!www/bootstrap/img/wl_device/1.gif|高级后台断网修复包1/www/bootstrap/img/wl_device/1.gif,383
fde6685db2247a2394e7d9e9c07249da3cce6862c55a5d9cc0ac4c36088a9ac1,阿乐卡MF650高级后台.zip|高级后台断网修复包-1.zip,阿乐卡MF650高级后台/ALKMF650.zip!www/bootstrap/img/wl_device/10.gif|高级后台断网修复包1/www/bootstrap/img/wl_device/10.gif,161
8e9820db52b189fb2d193c42eaa551e440aac206c179408d45adde57adc48184,阿乐卡MF650高级后台.zip|高级后台断网修复包-1.zip,阿乐卡MF650高级后台/ALKMF650.zip!www/bootstrap/img/wl_device/2.gif|高级后台断网修复包1/www/bootstrap/img/wl_device/2.gif,385
1c6986e32829fce46f959800218d084c32f35bff98e136d6097802ff1aae3cf5,阿乐卡MF650高级后台.zip|高级后台断网修复包-1.zip,阿乐卡MF650高级后台/ALKMF650.zip!www/bootstrap/img/wl_device/3.gif|高级后台断网修复包1/www/bootstrap/img/wl_device/3.gif,2060
933eb02b4e7c21033850cc4bcda25a547f139b16da4b3142f109105067f22ee2,阿乐卡MF650高级后台.zip|高级后台断网修复包-1.zip,阿乐卡MF650高级后台/ALKMF650.zip!www/bootstrap/img/wl_device/4.gif|高级后台断网修复包1/www/bootstrap/img/wl_device/4.gif,406
8455ab87ca39dc00ea620c5cbeb22935187f98f123e52294de7e60416b7dc626,阿乐卡MF650高级后台.zip|高级后台断网修复包-1.zip,阿乐卡MF650高级后台/ALKMF650.zip!www/bootstrap/img/wl_device/5.gif|高级后台断网修复包1/www/bootstrap/img/wl_device/5.gif,387
5d3ace509d07091439f29346a1c7cfef75ce753321c3540fa8247f3322b9edc9,阿乐卡MF650高级后台.zip|高级后台断网修复包-1.zip,阿乐卡MF650高级后台/ALKMF650.zip!www/bootstrap/img/wl_device/6.gif|高级后台断网修复包1/www/bootstrap/img/wl_device/6.gif,372
09453f1839bd099083c412ab13d8212a45ce23d938dc337a4f7850f950626846,阿乐卡MF650高级后台.zip|高级后台断网修复包-1.zip,阿乐卡MF650高级后台/ALKMF650.zip!www/bootstrap/img/wl_device/7.gif|高级后台断网修复包1/www/bootstrap/img/wl_device/7.gif,377
456f5bd03adfd645c8cc1f7fb8b2c9c3cd4e11ebb970e7193994b66e741a87d2,阿乐卡MF650高级后台.zip|高级后台断网修复包-1.zip,阿乐卡MF650高级后台/ALKMF650.zip!www/bootstrap/img/wl_device/8.gif|高级后台断网修复包1/www/bootstrap/img/wl_device/8.gif,374
78443f3d20bc47571df95bd3ad5c99c139aeaa6d1cf3eec76f707291fb47d20f,阿乐卡MF650高级后台.zip|高级后台断网修复包-1.zip,阿乐卡MF650高级后台/ALKMF650.zip!www/bootstrap/img/wl_device/9.gif|高级后台断网修复包1/www/bootstrap/img/wl_device/9.gif,221
e9d8bd128076a28b862d13a412c5da17bbf766f9c87bd10cfdcb9b678270998e,阿乐卡MF650高级后台.zip|高级后台断网修复包-1.zip,阿乐卡MF650高级后台/ALKMF650.zip!www/bootstrap/img/wl_device/Thumbs.db|高级后台断网修复包1/www/bootstrap/img/wl_device/Thumbs.db,8192
23665a512613ed2f6b43734a387e07260e7bc6aee3cb30af0f39f1a243355500,阿乐卡MF650高级后台.zip|高级后台断网修复包-1.zip,阿乐卡MF650高级后台/ALKMF650.zip!www/bootstrap/img/wl_device/arrow-left.png|高级后台断网修复包1/www/bootstrap/img/wl_device/arrow-left.png,1367
796a41d3f4ae8f45276a90f7a32e4b7d0e7e9cc20a41a0a17b0ee707772c94e3,阿乐卡MF650高级后台.zip|高级后台断网修复包-1.zip,阿乐卡MF650高级后台/ALKMF650.zip!www/bootstrap/img/wl_device/clients.png|高级后台断网修复包1/www/bootstrap/img/wl_device/clients.png,524
504c503fc53b917e6ce7201c0745f118784245fce8aafba5e9c86cb2ab8aa6e2,阿乐卡MF650高级后台.zip|高级后台断网修复包-1.zip,阿乐卡MF650高级后台/ALKMF650.zip!www/bootstrap/img/wl_device/globe.png|高级后台断网修复包1/www/bootstrap/img/wl_device/globe.png,1243
2b60e326b38f968a82ed41ff2f0abbe1a7eb4fdd5d694781a30126eda304e9d9,阿乐卡MF650高级后台.zip|高级后台断网修复包-1.zip,阿乐卡MF650高级后台/ALKMF650.zip!www/bootstrap/img/wl_device/n56u.gif|高级后台断网修复包1/www/bootstrap/img/wl_device/n56u.gif,3809
08a4e29123f94f3f0aca4274aadd78efddacd274ff626f73131ffaf69cd1eafd,阿乐卡MF650高级后台.zip|高级后台断网修复包-1.zip,阿乐卡MF650高级后台/ALKMF650.zip!www/bootstrap/img/wl_device/n56u.png|高级后台断网修复包1/www/bootstrap/img/wl_device/n56u.png,886
0eb4f5786d39f2f9c42d82bfd5e60478733dbca3f4049b9463f98a3bb1b2d229,阿乐卡MF650高级后台.zip|高级后台断网修复包-1.zip,阿乐卡MF650高级后台/ALKMF650.zip!www/bootstrap/img/wl_device/server.png|高级后台断网修复包1/www/bootstrap/img/wl_device/server.png,418
01540655b3bec61b857cbf67445d08be0665c039525ae54bfee0f10fa7aa91e5,阿乐卡MF650高级后台.zip|高级后台断网修复包-1.zip,阿乐卡MF650高级后台/ALKMF650.zip!www/bootstrap/js/bootstrap.min.js|高级后台断网修复包1/www/bootstrap/js/bootstrap.min.js,22323
523dd03ee5b81bdef2f275412dd201cae7d2ef3b0a3ddbb04dccef36df2e262b,阿乐卡MF650高级后台.zip|高级后台断网修复包-1.zip,阿乐卡MF650高级后台/ALKMF650.zip!www/bootstrap/js/engage.itoggle.min.js|高级后台断网修复包1/www/bootstrap/js/engage.itoggle.min.js,6510
9b3c3bd2e3ef63b93c371383a912535e47032c256d9fc651ac440ea6b98f13fb,阿乐卡MF650高级后台.zip|高级后台断网修复包-1.zip,阿乐卡MF650高级后台/ALKMF650.zip!www/bootstrap/js/highcharts.js|高级后台断网修复包1/www/bootstrap/js/highcharts.js,164346
4973830f428f26c1b07d52b02ed060577ca189d136fe514cfff61ece891459f5,阿乐卡MF650高级后台.zip|高级后台断网修复包-1.zip,阿乐卡MF650高级后台/ALKMF650.zip!www/bootstrap/js/highcharts_theme.js|高级后台断网修复包1/www/bootstrap/js/highcharts_theme.js,3096
08d555968dc50552fad649a4324fe1bb50f3682fe5df37fad1425ef37f7c0665,阿乐卡MF650高级后台.zip|高级后台断网修复包-1.zip,阿乐卡MF650高级后台/ALKMF650.zip!www/bootstrap/js/jquery.maskedinput-1.3.min.js|高级后台断网修复包1/www/bootstrap/js/jquery.maskedinput-1.3.min.js,3343
868b54e90ae7d56ba11406c5cf71d2d0d932d217bc0599a70dd0b4fbc6e59e52,阿乐卡MF650高级后台.zip|高级后台断网修复包-1.zip,阿乐卡MF650高级后台/ALKMF650.zip!www/bootstrap/js/jquery.xdomainajax.js|高级后台断网修复包1/www/bootstrap/js/jquery.xdomainajax.js,2138
348a8ca22166b5819aff7382befc469c2a27bfb525301b9ca106f5ac048d1891,阿乐卡MF650高级后台.zip|高级后台断网修复包-1.zip,阿乐卡MF650高级后台/ALKMF650.zip!www/www_bak/3/www/Advanced_AtCmd.asp|高级后台断网修复包1/www/www_bak/3/www/Advanced_AtCmd.asp,6545
296cc29639b4610773a830d3ae96df2aa8d7d4cee9e218ccee4d930a4c17ed5b,阿乐卡MF650高级后台.zip|高级后台断网修复包-1.zip,阿乐卡MF650高级后台/ALKMF650.zip!www/www_bak/3/www/Advanced_ChargeCtl.asp|高级后台断网修复包1/www/www_bak/3/www/Advanced_ChargeCtl.asp,13305
f4ac5dac5edfd1f1c4bcbc41569a3a689fdb5d55e373a91e86e299be211307bf,阿乐卡MF650高级后台.zip|高级后台断网修复包-1.zip,阿乐卡MF650高级后台/ALKMF650.zip!www/www_bak/3/www/Advanced_Charge_Control.asp|高级后台断网修复包1/www/www_bak/3/www/Advanced_Charge_Control.asp,17429
326ac5019c392872eca6f3f01e834c393414bf4942e3ae56667a7961a6ba062a,阿乐卡MF650高级后台.zip|高级后台断网修复包-1.zip,阿乐卡MF650高级后台/ALKMF650.zip!www/www_bak/3/www/Advanced_FlowCtl_Content.asp|高级后台断网修复包1/www/www_bak/3/www/Advanced_FlowCtl_Content.asp,28197
2b8b3441401bea1deef492c6c9c59af6b493fc46ff38021da78d87a11f9af06e,阿乐卡MF650高级后台.zip|高级后台断网修复包-1.zip,阿乐卡MF650高级后台/ALKMF650.zip!www/www_bak/3/www/Advanced_MIMEI_Content.asp|高级后台断网修复包1/www/www_bak/3/www/Advanced_MIMEI_Content.asp,6029
b50986a7eeeb648a18f9e7545e4841286561a0dc98b05f0cab3d936a8e05e053,阿乐卡MF650高级后台.zip|高级后台断网修复包-1.zip,阿乐卡MF650高级后台/ALKMF650.zip!www/www_bak/3/www/Advanced_SMS_Fwd.asp|高级后台断网修复包1/www/www_bak/3/www/Advanced_SMS_Fwd.asp,14385
1b072348ca561a35c828a9e8265afe1d954c5fb247694797869ff14dece83c62,阿乐卡MF650高级后台.zip|高级后台断网修复包-1.zip,阿乐卡MF650高级后台/ALKMF650.zip!www/www_bak/3/www/Advanced_Settings_Band.asp|高级后台断网修复包1/www/www_bak/1/www/Advanced_Settings_Band.asp|高级后台断网修复包1/www/www_bak/3/www/Advanced_Settings_Band.asp,19167
fc6a6d5836e9c491dc4cc23c50c6f9ee0ae1e4785e378a2807d77f2e5e9316a1,阿乐卡MF650高级后台.zip|高级后台断网修复包-1.zip,阿乐卡MF650高级后台/ALKMF650.zip!www/www_bak/3/www/Advanced_Settings_Content.asp|高级后台断网修复包1/www/www_bak/3/www/Advanced_Settings_Content.asp,14442
b8a82a9022a3344048bea2825bbbbca4e0fe245d3b8d8ce79f2985c0990a2634,阿乐卡MF650高级后台.zip|高级后台断网修复包-1.zip,阿乐卡MF650高级后台/ALKMF650.zip!www/www_bak/3/www/Advanced_Switch_Sim.asp|高级后台断网修复包1/www/www_bak/3/www/Advanced_Switch_Sim.asp,13362
b404dc2eab6d76ceaf8182223b3dce383228e68cdad0d96447fa47f9ddce2302,阿乐卡MF650高级后台.zip|高级后台断网修复包-1.zip,阿乐卡MF650高级后台/ALKMF650.zip!www/www_bak/3/www/Advanced_SysCtl.asp|高级后台断网修复包1/www/www_bak/3/www/Advanced_SysCtl.asp,5542
a1d5ae544b13d1f67d30be7d90e5dd78c9a5ef6f5dd10d36326ca3d6031f9bba,阿乐卡MF650高级后台.zip|高级后台断网修复包-1.zip,阿乐卡MF650高级后台/ALKMF650.zip!www/www_bak/3/www/Advanced_SysInfo.asp|高级后台断网修复包1/www/www_bak/3/www/Advanced_SysInfo.asp,23722
115492905eabe7b113614c759a11463ab99d3764e01fcaa007f8ae4c24a406ab,阿乐卡MF650高级后台.zip|高级后台断网修复包-1.zip,阿乐卡MF650高级后台/ALKMF650.zip!www/www_bak/3/www/Advanced_System_Info.asp|高级后台断网修复包1/www/www_bak/3/www/Advanced_System_Info.asp,11735
57ea88ee3cb8a65ca8dfa555b027fe8eeb989541eecc52e81bbfbcf9ca92ed7a,阿乐卡MF650高级后台.zip|高级后台断网修复包-1.zip,阿乐卡MF650高级后台/ALKMF650.zip!www/www_bak/3/www/Advanced_System_Status.asp|高级后台断网修复包1/www/www_bak/3/www/Advanced_System_Status.asp,28244
1977290652388ee650e82d51ff9cf5489e2cd4956398a6d9f72888deb62a4579,阿乐卡MF650高级后台.zip|高级后台断网修复包-1.zip,阿乐卡MF650高级后台/ALKMF650.zip!www/www_bak/3/www/Advanced_TimedReboot.asp|高级后台断网修复包1/www/www_bak/3/www/Advanced_TimedReboot.asp,14713
0ced1ef759e4668a37c28191577bbe5b032725ca4fe5eebbe18402e39dc75686,阿乐卡MF650高级后台.zip|高级后台断网修复包-1.zip,阿乐卡MF650高级后台/ALKMF650.zip!www/www_bak/3/www/Advanced_TrafficLimit.asp|高级后台断网修复包1/www/www_bak/3/www/Advanced_TrafficLimit.asp,16607
cee93459596500e1a11b5760ce5339b6ac6de884987e5ecfc0459d692287134d,阿乐卡MF650高级后台.zip|高级后台断网修复包-1.zip,阿乐卡MF650高级后台/ALKMF650.zip!www/www_bak/3/www/Advanced_WebShell.asp|高级后台断网修复包1/www/www_bak/3/www/Advanced_WebShell.asp,4504
819cac17eb0048c93ed2414a135048c72029ecacd4b8adf6a1a26bcd1d8a7982,阿乐卡MF650高级后台.zip|高级后台断网修复包-1.zip,阿乐卡MF650高级后台/ALKMF650.zip!www/www_bak/3/www/Advanced_jisuanqi.asp|高级后台断网修复包1/www/www_bak/1/www/Advanced_CellLock_Content.asp|高级后台断网修复包1/www/www_bak/3/www/Advanced_jisuanqi.asp,4878
8938e924bb1b7b93af0fc54d05e3afbc15cbba34fdc721b512b2c90330974ebc,阿乐卡MF650高级后台.zip|高级后台断网修复包-1.zip,阿乐卡MF650高级后台/ALKMF650.zip!www/www_bak/3/www/device-map/system.asp|高级后台断网修复包1/www/device-map/system.asp|高级后台断网修复包1/www/www_bak/1/www/device-map/system.asp|高级后台断网修复包1/www/www_bak/2/www/device-map/system.asp|高级后台断网修复包1/www/www_bak/3/www/device-map/system.asp,16362
ad4855da4513fe036a068ff0df6f98054b81b1c11e4ca21ce522fd82507d017b,阿乐卡MF650高级后台.zip|高级后台断网修复包-1.zip,阿乐卡MF650高级后台/ALKMF650.zip!www/www_bak/3/www/echarts.js|高级后台断网修复包1/www/www_bak/3/www/echarts.js,3365973
a38fcd52fceb151e278e78b3d1cd6230e4940f48c35e99de9fe519aea45f8c6f,阿乐卡MF650高级后台.zip|高级后台断网修复包-1.zip,阿乐卡MF650高级后台/ALKMF650.zip!www/www_bak/3/www/general.js|高级后台断网修复包1/www/general.js|高级后台断网修复包1/www/www_bak/3/www/general.js,41465
