scope,keyword,encoding,hits,files
zip-member,/api/device/info,ascii,0,0
zip-member,/api/device/info,utf-16le,0,0
zip-member,/api/device/info,utf-16be,0,0
zip-member,device/info,ascii,0,0
zip-member,device/info,utf-16le,0,0
zip-member,device/info,utf-16be,0,0
zip-member,memory_usage,ascii,0,0
zip-member,memory_usage,utf-16le,0,0
zip-member,memory_usage,utf-16be,0,0
zip-member,system_status,ascii,19,14
zip-member,system_status,utf-16le,0,0
zip-member,system_status,utf-16be,0,0
zip-member,cpu_usage,ascii,17,3
zip-member,cpu_usage,utf-16le,0,0
zip-member,cpu_usage,utf-16be,0,0
zip-member,battery,ascii,289,49
zip-member,battery,utf-16le,0,0
zip-member,battery,utf-16be,0,0
zip-member,temperature,ascii,123,8
zip-member,temperature,utf-16le,0,0
zip-member,temperature,utf-16be,0,0
zip-member,8081,ascii,25,6
zip-member,8081,utf-16le,0,0
zip-member,8081,utf-16be,0,0
zip-member,mf650,ascii,15,6
zip-member,mf650,utf-16le,0,0
zip-member,mf650,utf-16be,0,0
zip-member,api,ascii,8410,236
zip-member,api,utf-16le,1,1
zip-member,api,utf-16be,1,1
zip-member,/proc/meminfo,ascii,12,5
zip-member,/proc/meminfo,utf-16le,0,0
zip-member,/proc/meminfo,utf-16be,0,0
zip-member,MemTotal,ascii,5,4
zip-member,MemTotal,utf-16le,0,0
zip-member,MemTotal,utf-16be,0,0
zip-member,MemFree,ascii,39,12
zip-member,MemFree,utf-16le,0,0
zip-member,MemFree,utf-16be,0,0
zip-member,MemAvailable,ascii,0,0
zip-member,MemAvailable,utf-16le,0,0
zip-member,MemAvailable,utf-16be,0,0
zip-member,Cached,ascii,671,62
zip-member,Cached,utf-16le,0,0
zip-member,Cached,utf-16be,0,0
zip-member,Buffers,ascii,150,30
zip-member,Buffers,utf-16le,0,0
zip-member,Buffers,utf-16be,0,0
zip-member,feiliu.sh,ascii,0,0
zip-member,feiliu.sh,utf-16le,0,0
zip-member,feiliu.sh,utf-16be,0,0
zip-member,mf650.html,ascii,0,0
zip-member,mf650.html,utf-16le,0,0
zip-member,mf650.html,utf-16be,0,0
zip-member,v5.2.4,ascii,0,0
zip-member,v5.2.4,utf-16le,0,0
zip-member,v5.2.4,utf-16be,0,0
zip-member,json_system_status,ascii,4,4
zip-member,json_system_status,utf-16le,0,0
zip-member,json_system_status,utf-16be,0,0
zip-member,MemAvailable:,ascii,0,0
zip-member,MemAvailable:,utf-16le,0,0
zip-member,MemAvailable:,utf-16be,0,0
zip-member,MemTotal:,ascii,4,4
zip-member,MemTotal:,utf-16le,0,0
zip-member,MemTotal:,utf-16be,0,0
zip-member,MemFree:,ascii,4,4
zip-member,MemFree:,utf-16le,0,0
zip-member,MemFree:,utf-16be,0,0
decompressed-unit,/api/device/info,ascii,0,0
decompressed-unit,/api/device/info,utf-16le,0,0
decompressed-unit,/api/device/info,utf-16be,0,0
decompressed-unit,device/info,ascii,0,0
decompressed-unit,device/info,utf-16le,0,0
decompressed-unit,device/info,utf-16be,0,0
decompressed-unit,memory_usage,ascii,0,0
decompressed-unit,memory_usage,utf-16le,0,0
decompressed-unit,memory_usage,utf-16be,0,0
decompressed-unit,system_status,ascii,0,0
decompressed-unit,system_status,utf-16le,0,0
decompressed-unit,system_status,utf-16be,0,0
decompressed-unit,cpu_usage,ascii,0,0
decompressed-unit,cpu_usage,utf-16le,0,0
decompressed-unit,cpu_usage,utf-16be,0,0
decompressed-unit,battery,ascii,112,4
decompressed-unit,battery,utf-16le,0,0
decompressed-unit,battery,utf-16be,0,0
decompressed-unit,temperature,ascii,24,1
decompressed-unit,temperature,utf-16le,0,0
decompressed-unit,temperature,utf-16be,0,0
decompressed-unit,8081,ascii,2,2
decompressed-unit,8081,utf-16le,0,0
decompressed-unit,8081,utf-16be,0,0
decompressed-unit,mf650,ascii,0,0
decompressed-unit,mf650,utf-16le,0,0
decompressed-unit,mf650,utf-16be,0,0
decompressed-unit,api,ascii,208,10
decompressed-unit,api,utf-16le,0,0
decompressed-unit,api,utf-16be,0,0
decompressed-unit,/proc/meminfo,ascii,0,0
decompressed-unit,/proc/meminfo,utf-16le,0,0
decompressed-unit,/proc/meminfo,utf-16be,0,0
decompressed-unit,MemTotal,ascii,1,1
decompressed-unit,MemTotal,utf-16le,0,0
decompressed-unit,MemTotal,utf-16be,0,0
decompressed-unit,MemFree,ascii,1,1
decompressed-unit,MemFree,utf-16le,0,0
decompressed-unit,MemFree,utf-16be,0,0
decompressed-unit,MemAvailable,ascii,1,1
decompressed-unit,MemAvailable,utf-16le,0,0
decompressed-unit,MemAvailable,utf-16be,0,0
decompressed-unit,Cached,ascii,96,7
decompressed-unit,Cached,utf-16le,0,0
decompressed-unit,Cached,utf-16be,0,0
decompressed-unit,Buffers,ascii,68,1
decompressed-unit,Buffers,utf-16le,0,0
decompressed-unit,Buffers,utf-16be,0,0
decompressed-unit,feiliu.sh,ascii,0,0
decompressed-unit,feiliu.sh,utf-16le,0,0
decompressed-unit,feiliu.sh,utf-16be,0,0
decompressed-unit,mf650.html,ascii,0,0
decompressed-unit,mf650.html,utf-16le,0,0
decompressed-unit,mf650.html,utf-16be,0,0
decompressed-unit,v5.2.4,ascii,0,0
decompressed-unit,v5.2.4,utf-16le,0,0
decompressed-unit,v5.2.4,utf-16be,0,0
decompressed-unit,json_system_status,ascii,0,0
decompressed-unit,json_system_status,utf-16le,0,0
decompressed-unit,json_system_status,utf-16be,0,0
decompressed-unit,MemAvailable:,ascii,1,1
decompressed-unit,MemAvailable:,utf-16le,0,0
decompressed-unit,MemAvailable:,utf-16be,0,0
decompressed-unit,MemTotal:,ascii,1,1
decompressed-unit,MemTotal:,utf-16le,0,0
decompressed-unit,MemTotal:,utf-16be,0,0
decompressed-unit,MemFree:,ascii,1,1
decompressed-unit,MemFree:,utf-16le,0,0
decompressed-unit,MemFree:,utf-16be,0,0
zip-member-additional,mem_usage,ascii,12,2
zip-member-additional,get_mem_usage,ascii,1,1
zip-member-additional,/api/,ascii,1,1
zip-member-additional,/api/device,ascii,0,0
zip-member-additional,showall,ascii,2,1
