field,check_response_present,check_frontend_reads,log_response_present,log_frontend_reads
status,True,True,True,True
message,True,True,False,True
version,False,False,False,False
current_version,False,False,False,False
latest_version,False,False,False,False
local_version,True,True,False,False
cloud_version,False,True,False,False
update_notes,False,True,False,False
url,False,False,False,False
download_url,False,False,False,False
package_url,False,False,False,False
file,False,False,False,False
filename,False,False,False,False
path,False,False,False,False
sha256,False,False,False,False
md5,False,False,False,False
size,False,False,False,False
release,False,False,False,False
changelog,False,False,False,False
server,False,False,False,False
mirror,False,False,False,False
cdn,False,False,False,False
github,False,False,False,False
gitee,False,False,False,False
update_required,False,False,False,False
log_content,False,False,True,True
