method,parameters,read_write,function,risk,handler_va,descriptor_va,response_func,registered,side_effect_calls,ADB_USB_control,notes
id=1001,id:number,READ+temporary/AT/helper effects,设备基础信息,R1,0x2058,0xc008,globalInfoResp,YES,send_atcmd@plt,NO dedicated ADB/USB handler identified,"offline only; READ is semantic category, not online permission; request ID differs from response ID"
id=1004,id:number,READ,SIM 信息,R0,0x22d8,0xc010,getSimInfoResp,YES,,NO dedicated ADB/USB handler identified,"offline only; READ is semantic category, not online permission; request ID differs from response ID"
id=1008,id:number,READ+temporary/AT/helper effects,设备状态,R1,0x5e9c,0xc018,getStatusResp,YES,,NO dedicated ADB/USB handler identified,"offline only; READ is semantic category, not online permission; request ID differs from response ID"
id=1009,id:number,READ+temporary/AT/helper effects,设备/版本信息,R1,0x2644,0xc020,getDevInfoResp,YES,send_atcmd@plt,NO dedicated ADB/USB handler identified,"offline only; READ is semantic category, not online permission; request ID differs from response ID"
id=1010,id:number,READ,WAN 地址信息,R0,0x2924,0xc028,getNetInfoResp,YES,,NO dedicated ADB/USB handler identified,"offline only; READ is semantic category, not online permission; request ID differs from response ID"
id=1011,id:number,READ,读取网络制式,R0,0x2b70,0xc030,getNetModeResp,YES,,NO dedicated ADB/USB handler identified,"offline only; READ is semantic category, not online permission; request ID differs from response ID"
id=1012,id:number;mode,WRITE,设置网络制式,R2,0x2c74,0xc038,setNetModeResp,YES,nvram_commit@plt;nvram_set@plt;system@plt,NO dedicated ADB/USB handler identified,"offline only; READ is semantic category, not online permission; request ID differs from response ID"
id=1025,id:number,READ,读取 APN,R0,0x2e88,0xc040,getApnResp,YES,,NO dedicated ADB/USB handler identified,"offline only; READ is semantic category, not online permission; request ID differs from response ID"
id=1026,id:number;apn,WRITE,设置 APN 并重连,R2,0x2f4c,0xc048,setApnResp,YES,nvram_commit@plt;nvram_set@plt;nvram_set_int_temp@plt;nvram_set_temp@plt;system@plt,NO dedicated ADB/USB handler identified,"offline only; READ is semantic category, not online permission; request ID differs from response ID"
id=1027,id:number,READ,读取 LAN/DHCP,R0,0x3120,0xc050,getLanInfo,YES,,NO dedicated ADB/USB handler identified,"offline only; READ is semantic category, not online permission; request ID differs from response ID"
id=1028,id:number;EnableDhcpServer;IpAddress;IpPoolEnd;IpPoolStart;SubnetMask,WRITE,设置 LAN/DHCP 并重启 LAN,R2,0x32c8,0xc058,setLanInfoResp,YES,notify_rc@plt;nvram_commit@plt;nvram_set@plt;nvram_set_int@plt,NO dedicated ADB/USB handler identified,"offline only; READ is semantic category, not online permission; request ID differs from response ID"
id=1055,id:number,READ,读取 Wi-Fi mode,R0,0x367c,0xc060,getWifimodeResp,YES,,NO dedicated ADB/USB handler identified,"offline only; READ is semantic category, not online permission; request ID differs from response ID"
id=1015,id:number;mode,READ,读取 Wi-Fi 参数（含密码字段）,R0,0x5540,0xc068,getWifiInfoResp,YES,,NO dedicated ADB/USB handler identified,"offline only; READ is semantic category, not online permission; request ID differs from response ID"
id=1016,id:number;encrypt;key;maxSta;mode;ssid;wpaOption,WRITE,设置 Wi-Fi 参数并重启 Wi-Fi,R2,0x3704,0xc070,setWifiInfoResp,YES,notify_rc@plt;nvram_commit@plt;nvram_set@plt;nvram_set_int@plt,NO dedicated ADB/USB handler identified,"offline only; READ is semantic category, not online permission; request ID differs from response ID"
id=1017,id:number,WRITE,整机重启,R3,0x3cc0,0xc078,restartResp,YES,notify_rc@plt,NO dedicated ADB/USB handler identified,"offline only; READ is semantic category, not online permission; request ID differs from response ID"
id=1018,id:number,WRITE,恢复出厂,R4,0x3d58,0xc080,restoreFactoryResp,YES,notify_rc@plt,NO dedicated ADB/USB handler identified,"offline only; READ is semantic category, not online permission; request ID differs from response ID"
id=1019,id:number,READ+temporary/AT/helper effects,刷新并读取终端列表,R1,0x3df0,0xc088,getUsersResp,YES,system@plt,NO dedicated ADB/USB handler identified,"offline only; READ is semantic category, not online permission; request ID differs from response ID"
id=1020,id:number,READ,读取 MAC 过滤,R0,0x4050,0xc090,getMacFilterResp,YES,,NO dedicated ADB/USB handler identified,"offline only; READ is semantic category, not online permission; request ID differs from response ID"
id=1021,id:number;mode,WRITE,设置 MAC 过滤模式,R2,0x4238,0xc098,setMacFilterModeResp,YES,nvram_commit@plt;nvram_set_int@plt,NO dedicated ADB/USB handler identified,"offline only; READ is semantic category, not online permission; request ID differs from response ID"
id=1022,id:number;idmac;mac,WRITE,设置 MAC 过滤项目,R2,0x430c,0xc0a0,setMacFilterItemResp,YES,notify_rc@plt;nvram_commit@plt;nvram_set@plt;nvram_set_int@plt,NO dedicated ADB/USB handler identified,"offline only; READ is semantic category, not online permission; request ID differs from response ID"
id=1023,id:number,READ,MAC 过滤提交响应（未见 commit 调用）,R0,0x4534,0xc0a8,commitMacFilterResp,YES,,NO dedicated ADB/USB handler identified,"offline only; READ is semantic category, not online permission; request ID differs from response ID"
id=1029,id:number,READ+temporary/AT/helper effects,读取 LTE 频段锁定,R1,0x6304,0xc0b0,getLteBandLockResp,YES,send_atcmd@plt,NO dedicated ADB/USB handler identified,"offline only; READ is semantic category, not online permission; request ID differs from response ID"
id=1030,id:number;lock;lockBands,WRITE,设置 LTE 频段锁定,R2,0x64b0,0xc0b8,setLteBandLockResp,YES,notify_rc@plt;nvram_set_int_temp@plt;send_atcmd@plt,NO dedicated ADB/USB handler identified,"offline only; READ is semantic category, not online permission; request ID differs from response ID"
id=1031,id:number,READ+temporary/AT/helper effects,读取 NR5G 频段锁定,R1,0x6808,0xc0c0,getNr5gBandLockResp,YES,send_atcmd@plt,NO dedicated ADB/USB handler identified,"offline only; READ is semantic category, not online permission; request ID differs from response ID"
id=1032,id:number;lock;lockBands,WRITE,设置 NR5G 频段锁定,R2,0x69b8,0xc0c8,setNr5gBandLockResp,YES,notify_rc@plt;nvram_set_int_temp@plt;send_atcmd@plt,NO dedicated ADB/USB handler identified,"offline only; READ is semantic category, not online permission; request ID differs from response ID"
id=1033,id:number;filelen;filename;md5,WRITE,接收升级文件并触发刷写,R4,0x45e0,0xc0d0,RecvFileFilterResp,YES,notify_rc@plt;system@plt,NO dedicated ADB/USB handler identified,"offline only; READ is semantic category, not online permission; request ID differs from response ID"
id=1034,id:number,READ,读取充电模式,R0,0x4b40,0xc0d8,getChargeStatusResp,YES,,NO dedicated ADB/USB handler identified,"offline only; READ is semantic category, not online permission; request ID differs from response ID"
id=1035,id:number;mode,WRITE,设置充电控制并发送进程信号,R2,0x4be0,0xc0e0,setChargeStatusResp,YES,system@plt,NO dedicated ADB/USB handler identified,"offline only; READ is semantic category, not online permission; request ID differs from response ID"
id=1036,id:number,READ,读取 SIM 切换状态,R0,0x4d74,0xc0e8,getModelSimStatusResp,YES,,NO dedicated ADB/USB handler identified,"offline only; READ is semantic category, not online permission; request ID differs from response ID"
id=1037,id:number;mode;waittime;wifidisable;wifitime,WRITE,设置 SIM/关闭 Wi-Fi 策略,R2,0x5ac4,0xc0f0,setModelSimStatusResp,YES,nvram_set_int_temp@plt;nvram_set_temp@plt;system@plt,NO dedicated ADB/USB handler identified,"offline only; READ is semantic category, not online permission; request ID differs from response ID"
id=1038,id:number,READ,读取错误状态,R0,0x4e60,0xc0f8,getErrorStatusResp,YES,,NO dedicated ADB/USB handler identified,"offline only; READ is semantic category, not online permission; request ID differs from response ID"
id=1039,id:number,READ+temporary/AT/helper effects,读取设备诊断,R1,0x6da0,0xc100,getDeviceDiagnosisResp,YES,send_atcmd@plt,NO dedicated ADB/USB handler identified,"offline only; READ is semantic category, not online permission; request ID differs from response ID"
id=1040,id:number;resumeTime,WRITE,临时关闭/恢复 Wi-Fi,R2,0x77d0,0xc108,setWifiTempDisResp,YES,system@plt,NO dedicated ADB/USB handler identified,"offline only; READ is semantic category, not online permission; request ID differs from response ID"
id=1041,id:number,READ,读取当前/轮转系统日志,R0,0x7904,0xc110,getLogFileResp,YES,,NO dedicated ADB/USB handler identified,"offline only; READ is semantic category, not online permission; request ID differs from response ID"
id=1042,id:number,WRITE,关机请求,R3,0x7bc0,0xc118,shutdownResp,YES,nvram_set_int_temp@plt,NO dedicated ADB/USB handler identified,"offline only; READ is semantic category, not online permission; request ID differs from response ID"
id=1999,id:number;data,READ,echo（静态描述存在但注册容量不足）,R0,0x4a98,0xc120,echo,NO (36th descriptor; 35 slots),,NO dedicated ADB/USB handler identified,"offline only; READ is semantic category, not online permission; request ID differs from response ID"
