file,encoding,keyword_hits,sha256
system/www/Advanced_BasicFirewall_Content.asp,utf-8,,d20910fea2719298f32d52fb2cd25fdac78dc70c116cab6bf70b99952d7091e8
system/www/Advanced_Exposed_Content.asp,utf-8,,169c35801c008d0456c6db56e748e2d470dfd4149b364a4b56526a77d011a9b8
system/www/Advanced_FirmwareUpgrade_Content.asp,utf-8,,06fc035a2e7c7e654a2a9243da4b8a52d01f28a79376fcb943828271c45b05ef
system/www/Advanced_IPFiltering.asp,utf-8,,355a3ebb0083987275d4a048a5c64f32033b684284481b8aa832704445366e88
system/www/Advanced_LAN_Content.asp,utf-8,,37e41f7b37334b4de0212b21ce2c15c2a4ba2253d5e5d3810d3ba49d273371a2
system/www/Advanced_MACFilter_Content.asp,utf-8,,4f71ca3225671d430089426fb8c6951d3371998a3d79fd5021f3007c7a289ee8
system/www/Advanced_Modify3726_Imei.asp,utf-8,,50298a8d2c2ec7c270ec110ea1555cb42a26a8732ab066b7623b69a587a35f54
system/www/Advanced_NMS_Content.asp,utf-8,,0528391fec231192070684b7f83e6d6015c50823a51f9e0e3955790a81b1106b
system/www/Advanced_PortFiltering.asp,utf-8,,5d9658c43616b7a475af9de3b6612412283857ec3ac9754883cdd1210173f5aa
system/www/Advanced_SettingBackup_Content.asp,utf-8,factory,503eb1939613cd4e97819e3e91e5bd9267c3669c0940b8d2ea44474ae949ac1a
system/www/Advanced_Settings_Band.asp,utf-8,,bc395093685590c2e961a8299f62d4781f0f8ea373a6e33b1408688d970c5555
system/www/Advanced_Settings_Content.asp,utf-8,,e544917ca8ec176c87c681d929c88f51f76d1350758417061fd6ecf12b6ee407
system/www/Advanced_System_AutoSleep.asp,utf-8,,9c4bda7af3e9938d471ff9f41c0b403cdc682fdfcaf7e35305c5a1ed68624153
system/www/Advanced_System_Content.asp,utf-8,,cc48218cd8000f8abacafa645fcb7895ea83e4141890601fe37d2c78b2cb891a
system/www/Advanced_System_Info.asp,utf-8,,1bf05791795431b0ddecc13dc7462a40cc22dd9b62c9bf33a169269c1124768f
system/www/Advanced_URLFilter_Content.asp,utf-8,,6df8fdd8c225b0a3688936b70ee42f34f9b64f364c63036bb900c05f66d03b91
system/www/Advanced_VirtualServer_Content.asp,utf-8,,d765cfcd15ee9d7966a812b4af54fd7d47de2b2a9a59c0bf01b41f426d650f08
system/www/Advanced_VPN_Content.asp,utf-8,,58122d7e356c96e23ac00853ba1e8cc8a14b5210c46905a74c3b125c12559f58
system/www/Advanced_WAN_Content.asp,utf-8,,d2bc91f8a33615086228a1d70a345fd2bfd2485823b47af7aa6636909ff848da
system/www/Advanced_Wireless2g_Content.asp,utf-8,debug,bbf89ea011eb8e937c714c74e59d3fc32a5a50f5b3725a27720fc4ef3e6ef376
system/www/Advanced_Wireless_Content.asp,utf-8,debug,a9578571e264daecf9ffc0016a02fd828dae27de59eccb5ddb5e43eebf53328c
system/www/Advanced_Wireless_Content2.asp,utf-8,debug,c7b404d52e13c435df2696543c265844fe99cc03caa296174fa0239c89cc740d
system/www/ajax_ddnscode.asp,utf-8,,a74cfa63e9ecfec315cb7668fdd46ee80ed37e651afdbc111494aae4891acc4e
system/www/aplist.asp,utf-8,,9d68039ffb4e94fa3fd306b0a4734dc9232b795fab345ca01ddfa1371a975ab1
system/www/as.asp,utf-8,,13f2edecad80dc609392eb210456191e785bb501cf7cf3470247728965fc014b
system/www/client_function.js,utf-8,,6554e1c21f52349fc4184955b026612bf3a990891432d122979cde54b9095903
system/www/CN.dict,utf-8,debug;factory;usb_mode,0903c88f97ab99835f2e193151db14036b8567d56e9656733a7882f40d52c8e0
system/www/console_response.asp,utf-8,,dbac5bdc33acdb6f8e96429eb2e440f48b5d51c35839a331c7b6db6b2e1a95d6
system/www/disk_folder_tree.js,utf-8,,10256c2c3f49fa5ed9a7bec43443fdf585c7b1efa184e3f3965459e318d38abe
system/www/disk_functions.js,utf-8,,94492dfb47c7283ab84efb38142bcf27016fec4982c6db198e32c0e391ef8f18
system/www/EN.dict,utf-8,debug;factory;usb mode;usb_mode,910a9743de8ce27d17bb50bd6599b5832d45935b9fb654f007759cb8750ed860
system/www/general.js,gb18030,,92298edcafee4cf6fa8611bcc39813044379f40e2ab8e87b09dac5b67d9a8666
system/www/help.js,utf-8,factory,46df766f7fa431c7ccaff109b31f8d4839b35e3e06759610b2f8dd15a796a51c
system/www/help_wl.js,utf-8,,6fbaeacfeed326de1239dc163c040bf7a16bfad5fdf4451fbd454dbf18ab0c80
system/www/httpd_check.htm,utf-8,,6c539bad277da6dd4468825a9f161acd850b202e59754baa21213c4319c03309
system/www/index.asp,utf-8,,3a5d376a11f0c53f6cf6c4596b15f1a88555ec4e3017236692bc7a63237a202b
system/www/itoggle.js,utf-8,,fed068364c0038c1c55281a3b8cb45ba45d168e04bdaebe6c4f1b5aeac634f1e
system/www/jquery.js,utf-8,,0fb170f24675c84f8228ad6b61d69bf6705030949cc2fec316b3a006eab282f8
system/www/jquery.tmpl.js,utf-8,,af6592d435a34ae2cbc384c908b2000e3a33f3c3d7bace1a84ba7880a8a80d9e
system/www/lan_clients.asp,utf-8,,864a24a65b3ad78285b965f505639d70071f6a29ee7b76d71cb49a33ccb4c862
system/www/login_err.asp,utf-8,,880c5d11c5e3726ef451c6993306a4092ec17bbdb24e23da4e3e7c5698efdb50
system/www/Logout.asp,utf-8,,afc246341ee858d6a28163a89c6fc56330593902b311272473e5e9aeb93cf370
system/www/log_content.asp,utf-8,,37ef4bb46f2b4160e4e05b0d5165678f062c5454a28704c38705b2c5059c22aa
system/www/Main_LogStatus_Content.asp,utf-8,,38d1539b5c72e796769238632744b09fe309fcdf6710b675f5b615af66b0bc10
system/www/Main_TrafficMonitor_daily.asp,utf-8,usb_mode,7fd4847a2e1ac3dd4a4577572bef4635dcebcf3342b37fefe04a1e3d10d3d571
system/www/Main_TrafficMonitor_last24.asp,utf-8,,34acb1e7be9b3ee42c7406c387ab122be97312fa52d3b832543ab56f3ff38674
system/www/Main_TrafficMonitor_realtime.asp,utf-8,,92076e3e8483b47b3df69ec12bd67daec56cd59db51600278a841e48af78859e
system/www/md5.js,utf-8,,2807f25db51e6cd940dfc8522958e75fd6f8757fd271c6ae23b6ecc97a75149e
system/www/modem_isp.js,utf-8,,a806d624fad9a8891deb28649943ea7803df3dd18d653be1ac7b6d16272ce0b6
system/www/net_speed_tabs.js,utf-8,usb_mode,9cb9c464f857fe2b2b77c51ebd01fc0aea8c21d5683dd7a254562e42acc93bfe
system/www/Nologin.asp,utf-8,,f28780d7a37f9dbbeec2cdc44c9a699c2799b65f6bfe6ff8eaea3a2036f03fbb
system/www/popup.js,utf-8,,35edcecde96558ca2ddb72057abd7fcaad0d00fe3e62660d08c49d8560883ed0
system/www/require-jquery.js,utf-8,developer;factory,ac81d2feffbebe242c0009675b439e85fba1c980b524c2b63b6272af61cf06c9
system/www/Restarting.asp,utf-8,,0ec74d40c33d2e33d477193b515fe86b3c8b26080fbccd33ad3c25d316b6be50
system/www/restart_adbd.asp,utf-8,restart_adbd,4b7d4fa1cbe074fc1ec19672353123a875a1d018a5dda07e29700fd9253dc37d
system/www/serialno.asp,utf-8,,0509657787f31bb2c5cd7f2f92ff923972a83755d49161e5076b013efd29e14a
system/www/smsInbox.asp,utf-8,,c71e58c145e2974ff1181a643532dcf33bbba7f64e553dd693b203c898137f89
system/www/smsNotSendbox.asp,utf-8,,b69929b9354b51aea309c172580df3c9b536bf89d1e9c9f8d325b7172bd2c22e
system/www/smsOutbox.asp,utf-8,,ebbd93d1a3aba90ba063fe614bbb51d3dada7f35746d2d3a069770b8bb38d71f
system/www/smsSend.asp,utf-8,,cba7c511810c77262631a4d5ecfbccf49fa13c0ecd5ce5a2065f2f555bf4c718
system/www/sms_in.asp,utf-8,,41ee04f3d25d1d42668d32351b62ce9e344a469c0cf34331ce41bbf127b2af99
system/www/sms_out.asp,utf-8,,532bec8f65b9e2b4dabdb1feb295c6778f73bb600984876e3b1333f07a11e538
system/www/start_apply.htm,utf-8,,ec6fbb600d3ee88d12772490dc6dfb7f94142ba7242efc61dbccdecdf1e59668
system/www/state.js,gb18030,,90f1e7fdf609906a7aa6ca74539c143b4078f0bf3bbed30ab62023b99c96aab7
system/www/statistic.asp,utf-8,,2e94299e9518e98d1ee750d9e2f86aa184232c44e6b83aeff2345f337f0eceb4
system/www/status_eth_mib.asp,utf-8,,a3a3ec19b794180350df1fe71c910555c786ccdd4fd2b279db65a99bc552baeb
system/www/status_internet.asp,utf-8,,cf908af385f4b6b3bc462ddfcc24c0a05f5750a609f7678479b9a558399bf039
system/www/status_lanlink.asp,utf-8,,0a41577833b04d0fd769e339759f94950169e9b60c9b3a19d8c94fb562ccb550
system/www/status_wanlink.asp,utf-8,,6d377a88afaee9746b11da53577afb5f847d851addd027017cceac09e7f12dda
system/www/system_status_data.asp,utf-8,,6d3dbd0c6da44d47e09e46a4e02f47672d16004015b1d6601c3dd1059932a593
system/www/underscore.base.js,utf-8,,951349bd5206d7885ec9d7e299f2115618eeefdd9f9c53fdb834187aee291f03
system/www/UpdateError.asp,utf-8,,b0ec35f7fe08dd0fa15c0999bef13f64dfc11d4b2bcc2b39f0ea2577eabcf68b
system/www/Updating.asp,utf-8,,6fd1e59168baea839e67dab4ca488833c5dbc0a89a22ebd5e872d1fdca810d9e
system/www/UploadDone.asp,utf-8,,f329800161f7bf9f98f2340d8ac16cc151ca9cfd78304ff86766c7abd70caedc
system/www/UploadError.asp,utf-8,,13475567e3ea0e58408d56d01db4a6d8af7aeca78ee4c4e465db9e080c887eb3
system/www/Uploading.asp,utf-8,,f4de444cd322e7cd225cb6fb7ad1f1bdb1282118cfb277382381a565cad9b0a6
system/www/util.js,utf-8,,6a31e33323d92cc746e040891cea3ae7f83b8222568dfdf0130909e75119b866
system/www/wds_aplist.asp,utf-8,,f2df5b3a27333841f3304778f8d8d15696dad3de8348ed0d3e97f6eab6b9cfb2
system/www/wds_aplist_2g.asp,utf-8,,0451b442bc27f3a79d4ad9b725a72906462f2222d01c2bc3d9fe0d66aa0b7b58
system/www/wireless.js,utf-8,,5fd2f3f1732bf6048933001af0d321a3ff4230fe8687834199e97462f1ee61d8
system/www/wireless2.js,utf-8,,eab23de1079a96838940d2226da4ca2a23bfc343eb89b9bf77b84d33aac88e8e
system/www/wireless_2g.js,utf-8,,426d720a4d4b1eadaedb84402eda95b64fbca9dfd9f6fabc952549d5796effd2
system/www/device-map/clients.asp,utf-8,,b89298f862df31656531135352642a9d6db503c9539f5f636f3e84242163ba2d
system/www/device-map/formcontrol.js,utf-8,,d990bfa12fcbeb2bdfc0cdf340af9271b1a65b1e1e0af1859324919c9a00084b
system/www/device-map/internet.asp,utf-8,,27b23d7b29775de1b9e7afa79f7ee8c51c745af6fe5f365cbd67f486d6c2f9ea
system/www/device-map/intranet.asp,utf-8,,74c4b7d30aeae3f6c473198f474fbd960e92fc356d9932535ae744eb8f66d3ff
system/www/device-map/system.asp,utf-8,,565dcea1cfbf82a4a0c5e8bc023f68bb11d63659b4d13adc99e5e6836329a39a
system/www/device-map/wan_action.asp,utf-8,,7875aa9345dd7585be2b149be944c8f8554a1c991804db2e2753f6fdb550b740
system/www/bootstrap/js/bootstrap.min.js,utf-8,,01540655b3bec61b857cbf67445d08be0665c039525ae54bfee0f10fa7aa91e5
system/www/bootstrap/js/engage.itoggle.min.js,utf-8,,523dd03ee5b81bdef2f275412dd201cae7d2ef3b0a3ddbb04dccef36df2e262b
system/www/bootstrap/js/highcharts.js,utf-8,,9b3c3bd2e3ef63b93c371383a912535e47032c256d9fc651ac440ea6b98f13fb
system/www/bootstrap/js/highcharts_theme.js,utf-8,,4973830f428f26c1b07d52b02ed060577ca189d136fe514cfff61ece891459f5
system/www/bootstrap/js/jquery.maskedinput-1.3.min.js,utf-8,,08d555968dc50552fad649a4324fe1bb50f3682fe5df37fad1425ef37f7c0665
system/www/bootstrap/js/jquery.xdomainajax.js,utf-8,,868b54e90ae7d56ba11406c5cf71d2d0d932d217bc0599a70dd0b4fbc6e59e52
system/WEBSERVER/www/QCMAP.html,utf-8,,441ac6a0d6882eaecd3d1bc6de124dcfb621a7b368fb3b1596b480f6006b196a
system/WEBSERVER/www/QCMAP_Account.html,utf-8,,68d27644b107a078edc784414880243a757a936cf368bac87e3ab74cadc7da79
system/WEBSERVER/www/QCMAP_Account_Help.html,utf-8,,c1b59030837dbafa9108ac2d3f42065cc49cf5e668fd2f35cb9066d1f12835d7
system/WEBSERVER/www/QCMAP_Firewall.html,utf-8,,c67f19b4ef0f3197194999a9989bc5d5dfc84428ee74e0fb0891060ee9871792
system/WEBSERVER/www/QCMAP_Firewall_Help.html,utf-8,,d39f5c66af327ff50442ed5213fba65eb3326c5e38786014cbfb50b5affe7330
system/WEBSERVER/www/QCMAP_Help.html,utf-8,,269e027d2bb7126b796fa7b2d64fb3e060ffd5cc8ac8498362be6159b5eb6a88
system/WEBSERVER/www/QCMAP_IPV4.html,utf-8,,cdbdc7df789ced997309d973932260a1239723c40ff028376398232100cc60f8
system/WEBSERVER/www/QCMAP_IPV4_Help.html,utf-8,,822379a3faf191e7697f9bfc21b561baecdf693873e02fbf18f48e56e22aabe4
system/WEBSERVER/www/QCMAP_IPV6.html,utf-8,,e8736afeb50ca88022e1104fd81dc8e731f8471b157764e57873d8b9ebdc30ec
system/WEBSERVER/www/QCMAP_IPV6_Help.html,utf-8,,bc04088de2ae1343412dc26753072a27fb2e9e49f95802f0acd9be6445ad0f3d
system/WEBSERVER/www/QCMAP_login.html,utf-8,,395a4e581cd5a446a8bfc12c682a8c72775bcfaa344a3905207e144a9a3ce234
system/WEBSERVER/www/QCMAP_NAT.html,utf-8,,4e8c77da3a4cac81901dbb72d885235d943eaba13a108868150ba3a7bd9e5435
system/WEBSERVER/www/QCMAP_NAT_Help.html,utf-8,,7c80a4a53adda65701df84b8a86f8967da283cec3714692d7bddca0ca9333b14
system/WEBSERVER/www/QCMAP_UPNP_DLNA_MDNS.html,utf-8,,67a7c826679bdc9df6988744ff6de9e71b9af9f1c83dad81563c1c6cad26456b
system/WEBSERVER/www/QCMAP_UPNP_DLNA_MDNS_Help.html,utf-8,,c44fd91f12e66690dd96563098b7b1f3eba39fa0cc75359ba7802fe63ba1340c
system/WEBSERVER/www/QCMAP_WLAN.html,utf-8,,21b4709b8de4c9cb10cead1de8d84d9c2d5bc510400d1caaa6ae0724ce3a3ace
system/WEBSERVER/www/QCMAP_WLAN_Help.html,utf-8,,557a2fa78b43e54332456aa57284700be121671360c4d96dd2213253fce8bbbb
system/WEBSERVER/www/QCMAP_WWAN.html,utf-8,,d44df9eb0fa066546f31dd659a330342f015fc28e209b0c4e751f5e88fd398e2
system/WEBSERVER/www/QCMAP_WWAN_Help.html,utf-8,,96c3fad1d9106983b3b1c4a331dc8b33f78ee9d1a676e914769a65a10eaadcc9
