ASP,handlers,sha256
Advanced_BasicFirewall_Content.asp,nvram_get_x;nvram_match_x,d20910fea2719298f32d52fb2cd25fdac78dc70c116cab6bf70b99952d7091e8
Advanced_Exposed_Content.asp,get_static_client;nvram_get_x;nvram_match_x;wl_auth_list,169c35801c008d0456c6db56e748e2d470dfd4149b364a4b56526a77d011a9b8
Advanced_FirmwareUpgrade_Content.asp,login_state_hook;nvram_get_x,06fc035a2e7c7e654a2a9243da4b8a52d01f28a79376fcb943828271c45b05ef
Advanced_IPFiltering.asp,get_nvram_list;nvram_get_x;nvram_match_x,355a3ebb0083987275d4a048a5c64f32033b684284481b8aa832704445366e88
Advanced_LAN_Content.asp,get_nvram_list;get_static_client;nvram_dump;nvram_get_x;nvram_match_x;wl_auth_list,37e41f7b37334b4de0212b21ce2c15c2a4ba2253d5e5d3810d3ba49d273371a2
Advanced_MACFilter_Content.asp,get_nvram_list;get_static_client;login_state_hook;nvram_get_x;nvram_match_x;wl_auth_list,4f71ca3225671d430089426fb8c6951d3371998a3d79fd5021f3007c7a289ee8
Advanced_Modify3726_Imei.asp,login_state_hook;nvram_get_x,50298a8d2c2ec7c270ec110ea1555cb42a26a8732ab066b7623b69a587a35f54
Advanced_NMS_Content.asp,login_state_hook;nvram_get_x,0528391fec231192070684b7f83e6d6015c50823a51f9e0e3955790a81b1106b
Advanced_PortFiltering.asp,get_nvram_list;nvram_get_x;nvram_match_x,5d9658c43616b7a475af9de3b6612412283857ec3ac9754883cdd1210173f5aa
Advanced_SettingBackup_Content.asp,login_state_hook;nvram_get_x;nvram_match_x,503eb1939613cd4e97819e3e91e5bd9267c3669c0940b8d2ea44474ae949ac1a
Advanced_Settings_Band.asp,get_band_info;login_state_hook;nvram_get_x;nvram_match_x,bc395093685590c2e961a8299f62d4781f0f8ea373a6e33b1408688d970c5555
Advanced_Settings_Content.asp,login_state_hook;nvram_get_x;nvram_match_x,e544917ca8ec176c87c681d929c88f51f76d1350758417061fd6ecf12b6ee407
Advanced_System_AutoSleep.asp,nvram_get_x;nvram_match_x,9c4bda7af3e9938d471ff9f41c0b403cdc682fdfcaf7e35305c5a1ed68624153
Advanced_System_Content.asp,login_state_hook;nvram_get_x;shown_language_option,cc48218cd8000f8abacafa645fcb7895ea83e4141890601fe37d2c78b2cb891a
Advanced_System_Info.asp,nvram_get_x,1bf05791795431b0ddecc13dc7462a40cc22dd9b62c9bf33a169269c1124768f
Advanced_URLFilter_Content.asp,get_static_client;nvram_get_table_x;nvram_get_x;nvram_match_x;wl_auth_list,6df8fdd8c225b0a3688936b70ee42f34f9b64f364c63036bb900c05f66d03b91
Advanced_VirtualServer_Content.asp,get_nvram_list;get_static_client;login_state_hook;nvram_get_x;nvram_match_x;wl_auth_list,d765cfcd15ee9d7966a812b4af54fd7d47de2b2a9a59c0bf01b41f426d650f08
Advanced_VPN_Content.asp,nvram_get_x,58122d7e356c96e23ac00853ba1e8cc8a14b5210c46905a74c3b125c12559f58
Advanced_WAN_Content.asp,login_state_hook;nvram_get_x;nvram_match_x,d2bc91f8a33615086228a1d70a345fd2bfd2485823b47af7aa6636909ff848da
Advanced_Wireless2g_Content.asp,nvram_char_to_ascii;nvram_double_match_x;nvram_get_x;nvram_match_x,bbf89ea011eb8e937c714c74e59d3fc32a5a50f5b3725a27720fc4ef3e6ef376
Advanced_Wireless_Content.asp,firmware_caps_hook;nvram_char_to_ascii;nvram_double_match_x;nvram_get_x;nvram_match_x,a9578571e264daecf9ffc0016a02fd828dae27de59eccb5ddb5e43eebf53328c
Advanced_Wireless_Content2.asp,firmware_caps_hook;nvram_char_to_ascii;nvram_double_match_x;nvram_get_x;nvram_match_x,c7b404d52e13c435df2696543c265844fe99cc03caa296174fa0239c89cc740d
ajax_ddnscode.asp,nvram_get_x,a74cfa63e9ecfec315cb7668fdd46ee80ed37e651afdbc111494aae4891acc4e
aplist.asp,nvram_char_to_ascii;nvram_dump,9d68039ffb4e94fa3fd306b0a4734dc9232b795fab345ca01ddfa1371a975ab1
as.asp,nvram_get_x,13f2edecad80dc609392eb210456191e785bb501cf7cf3470247728965fc014b
console_response.asp,nvram_dump,dbac5bdc33acdb6f8e96429eb2e440f48b5d51c35839a331c7b6db6b2e1a95d6
device-map/clients.asp,get_nvram_list;get_static_client;nvram_get_x;wl_auth_list,b89298f862df31656531135352642a9d6db503c9539f5f636f3e84242163ba2d
device-map/internet.asp,nvram_get_x;nvram_match_x;wanlink,27b23d7b29775de1b9e7afa79f7ee8c51c745af6fe5f365cbd67f486d6c2f9ea
device-map/intranet.asp,wanlink,74c4b7d30aeae3f6c473198f474fbd960e92fc356d9932535ae744eb8f66d3ff
device-map/system.asp,nvram_get_x;nvram_match_x;wanlink,565dcea1cfbf82a4a0c5e8bc023f68bb11d63659b4d13adc99e5e6836329a39a
device-map/wan_action.asp,wan_action,7875aa9345dd7585be2b149be944c8f8554a1c991804db2e2753f6fdb550b740
index.asp,available_disk_names_and_sizes;disk_pool_mapping_info;get_ext_ports_info;get_parameter;get_static_ccount;get_usb_ports_info;nvram_get_x,3a5d376a11f0c53f6cf6c4596b15f1a88555ec4e3017236692bc7a63237a202b
lan_clients.asp,get_static_client;nvram_get_x,864a24a65b3ad78285b965f505639d70071f6a29ee7b76d71cb49a33ccb4c862
log_content.asp,dump_syslog,37ef4bb46f2b4160e4e05b0d5165678f062c5454a28704c38705b2c5059c22aa
login_err.asp,login_lock_info,880c5d11c5e3726ef451c6993306a4092ec17bbdb24e23da4e3e7c5698efdb50
Logout.asp,,afc246341ee858d6a28163a89c6fc56330593902b311272473e5e9aeb93cf370
Main_LogStatus_Content.asp,nvram_dump;nvram_get_x,38d1539b5c72e796769238632744b09fe309fcdf6710b675f5b615af66b0bc10
Main_TrafficMonitor_daily.asp,bandwidth;nvram_get_x,7fd4847a2e1ac3dd4a4577572bef4635dcebcf3342b37fefe04a1e3d10d3d571
Main_TrafficMonitor_last24.asp,bandwidth;nvram_get_x,34acb1e7be9b3ee42c7406c387ab122be97312fa52d3b832543ab56f3ff38674
Main_TrafficMonitor_realtime.asp,netdev;nvram_get_x,92076e3e8483b47b3df69ec12bd67daec56cd59db51600278a841e48af78859e
Nologin.asp,login_state_hook,f28780d7a37f9dbbeec2cdc44c9a699c2799b65f6bfe6ff8eaea3a2036f03fbb
restart_adbd.asp,restart_adbd,4b7d4fa1cbe074fc1ec19672353123a875a1d018a5dda07e29700fd9253dc37d
Restarting.asp,get_parameter,0ec74d40c33d2e33d477193b515fe86b3c8b26080fbccd33ad3c25d316b6be50
serialno.asp,get_serialno,0509657787f31bb2c5cd7f2f92ff923972a83755d49161e5076b013efd29e14a
sms_in.asp,get_sms,41ee04f3d25d1d42668d32351b62ce9e344a469c0cf34331ce41bbf127b2af99
sms_out.asp,get_sms,532bec8f65b9e2b4dabdb1feb295c6778f73bb600984876e3b1333f07a11e538
smsInbox.asp,get_sms;nvram_get_x,c71e58c145e2974ff1181a643532dcf33bbba7f64e553dd693b203c898137f89
smsNotSendbox.asp,get_sms;nvram_get_x,b69929b9354b51aea309c172580df3c9b536bf89d1e9c9f8d325b7172bd2c22e
smsOutbox.asp,get_sms;nvram_get_x,ebbd93d1a3aba90ba063fe614bbb51d3dada7f35746d2d3a069770b8bb38d71f
smsSend.asp,nvram_get_x,cba7c511810c77262631a4d5ecfbccf49fa13c0ecd5ce5a2065f2f555bf4c718
statistic.asp,json_system_status;nvram_get_x;uptime;wanlink,2e94299e9518e98d1ee750d9e2f86aa184232c44e6b83aeff2345f337f0eceb4
status_eth_mib.asp,dump_eth_mib,a3a3ec19b794180350df1fe71c910555c786ccdd4fd2b279db65a99bc552baeb
status_internet.asp,detect_internet;nvram_get_x;wanlink,cf908af385f4b6b3bc462ddfcc24c0a05f5750a609f7678479b9a558399bf039
status_lanlink.asp,lanlink,0a41577833b04d0fd769e339759f94950169e9b60c9b3a19d8c94fb562ccb550
status_wanlink.asp,wanlink,6d377a88afaee9746b11da53577afb5f847d851addd027017cceac09e7f12dda
system_status_data.asp,json_system_status,6d3dbd0c6da44d47e09e46a4e02f47672d16004015b1d6601c3dd1059932a593
UpdateError.asp,,b0ec35f7fe08dd0fa15c0999bef13f64dfc11d4b2bcc2b39f0ea2577eabcf68b
Updating.asp,,6fd1e59168baea839e67dab4ca488833c5dbc0a89a22ebd5e872d1fdca810d9e
UploadDone.asp,,f329800161f7bf9f98f2340d8ac16cc151ca9cfd78304ff86766c7abd70caedc
UploadError.asp,,13475567e3ea0e58408d56d01db4a6d8af7aeca78ee4c4e465db9e080c887eb3
Uploading.asp,,f4de444cd322e7cd225cb6fb7ad1f1bdb1282118cfb277382381a565cad9b0a6
wds_aplist.asp,wl_scan_5g,f2df5b3a27333841f3304778f8d8d15696dad3de8348ed0d3e97f6eab6b9cfb2
wds_aplist_2g.asp,wl_scan_2g,0451b442bc27f3a79d4ad9b725a72906462f2222d01c2bc3d9fe0d66aa0b7b58
