table_va,handler,function_va,direct_calls,transitive_imports,unresolved_direct_targets
0x1a118,nvram_get_x,0xa310,0x8414;__fprintf_chk@plt;__stack_chk_fail@plt;fflush@plt;fwrite@plt;nvram_safe_get@plt,__fprintf_chk;__stack_chk_fail;fflush;fwrite;nvram_safe_get;strtol,
0x1a120,nvram_get_list_x,0xb8a0,0x8414;0xf584;__fprintf_chk@plt;__stack_chk_fail@plt;fflush@plt;fwrite@plt,__fprintf_chk;__snprintf_chk;__stack_chk_fail;fflush;fwrite;nvram_safe_get;strtol,
0x1a128,nvram_get_buf_x,0xbcc4,0x8414;__stack_chk_fail@plt;fwrite@plt,__stack_chk_fail;fwrite;strtol,
0x1a130,nvram_get_table_x,0xb7cc,0x8414;0xb3d8;0xf518;0xf56c;__stack_chk_fail@plt;fwrite@plt;nvram_get_int@plt;strcmp@plt,__fprintf_chk;__snprintf_chk;__sprintf_chk;__stack_chk_fail;__strcpy_chk;fflush;fwrite;nvram_get_int;nvram_safe_get;snprintf;strcmp;strlen;strtol,
0x1a138,nvram_match_x,0xb744,0x8414;__fprintf_chk@plt;__stack_chk_fail@plt;fflush@plt;fwrite@plt;nvram_match@plt,__fprintf_chk;__stack_chk_fail;fflush;fwrite;nvram_match;strtol,
0x1a140,nvram_double_match_x,0xa270,0x8414;__fprintf_chk@plt;__stack_chk_fail@plt;fflush@plt;fwrite@plt;nvram_match@plt,__fprintf_chk;__stack_chk_fail;fflush;fwrite;nvram_match;strtol,
0x1a148,nvram_match_both_x,0xb6b8,0x8414;__fprintf_chk@plt;__stack_chk_fail@plt;fflush@plt;fwrite@plt;nvram_match@plt,__fprintf_chk;__stack_chk_fail;fflush;fwrite;nvram_match;strtol,
0x1a150,nvram_match_list_x,0xb920,0x8414;0xf5d0;__fprintf_chk@plt;__stack_chk_fail@plt;fflush@plt;fwrite@plt,__fprintf_chk;__snprintf_chk;__stack_chk_fail;fflush;fwrite;nvram_safe_get;strcmp;strtol,
0x1a158,uptime,0xbd60,__fprintf_chk@plt;__stack_chk_fail@plt;fflush@plt;localtime@plt;strftime@plt;time@plt,__fprintf_chk;__stack_chk_fail;fflush;localtime;strftime;time,
0x1a160,nvram_dump,0xaf84,0x8414;0x8e38;0xaed8;__snprintf_chk@plt;__stack_chk_fail@plt;fwrite@plt;nvram_safe_get@plt;strcmp@plt;strlen@plt;strncmp@plt,__fprintf_chk;__snprintf_chk;__stack_chk_fail;__xstat;_eval;close;doSystem;fclose;fflush;fgets;fopen;fputs;fwrite;inet_ntop;kill_pidfile_s;notify_rc;nvram_safe_get;nvram_set_temp;open;pids;putenv;strchr;strcmp;strlen;strncmp;strncpy;strrchr;strtol;system;write,
0x1a168,firmware_caps_hook,0x8aa8,__fprintf_chk@plt;fflush@plt,__fprintf_chk;fflush,
0x1a170,json_system_status,0xf090,0x10c54;0xeecc;0xefd0;__fprintf_chk@plt;__stack_chk_fail@plt;__xstat@plt;fflush@plt;is_interface_up@plt;nvram_get_int@plt;nvram_safe_get@plt;nvram_set_int_temp@plt;sysinfo@plt,__fprintf_chk;__isoc99_sscanf;__stack_chk_fail;__xstat;fclose;fflush;fgets;fopen;is_interface_up;nvram_get_int;nvram_safe_get;nvram_set_int_temp;sysinfo,
0x1a178,netdev,0xa1a8,__fprintf_chk@plt;fflush@plt;fwrite@plt;get_ap_mode@plt;nvram_get@plt,__fprintf_chk;fflush;fwrite;get_ap_mode;nvram_get,
0x1a180,bandwidth,0x92cc,0xfbdc;0xfff0;__fprintf_chk@plt;__snprintf_chk@plt;__stack_chk_fail@plt;fflush@plt;fputc@plt;fwrite@plt;nvram_get_int@plt;nvram_safe_get@plt;nvram_set_temp@plt;strcmp@plt;strlen@plt;unlink@plt,__fprintf_chk;__snprintf_chk;__stack_chk_fail;__xstat;fclose;fflush;fgets;fopen;fputc;fputs;fwrite;nvram_get_int;nvram_safe_get;nvram_set_temp;strcmp;strlen;unlink,
0x1a188,nvram,0xa3f0,__fprintf_chk@plt;__stack_chk_fail@plt;fflush@plt;free@plt;fwrite@plt;nvram_safe_get@plt;strdup@plt;strsep@plt,__fprintf_chk;__stack_chk_fail;fflush;free;fwrite;nvram_safe_get;strdup;strsep,
0x1a190,nvram_char_to_ascii,0xb620,0x8414;0xfd08;__fprintf_chk@plt;__stack_chk_fail@plt;fflush@plt;fwrite@plt;memset@plt;nvram_safe_get@plt,__fprintf_chk;__sprintf_chk;__stack_chk_fail;fflush;fwrite;memset;nvram_safe_get;strcpy;strlen;strtol,
0x1a198,update_variables,0xd474,0x84cc;0x8e38;0xad68;0xae0c;0xbc48;0xc128;0xd34c;0xf554;0xf56c;__fprintf_chk@plt;__snprintf_chk@plt;__sprintf_chk@plt;__stack_chk_fail@plt;__syslog_chk@plt;_eval@plt;fclose@plt;fflush@plt;fopen@plt;fwrite@plt;memset@plt;mylog@plt;notify_rc@plt;nvram_commit@plt;nvram_get@plt;nvram_get_int@plt;nvram_invmatch@plt;nvram_match@plt;nvram_set@plt;nvram_set_int_temp@plt;nvram_set_temp@plt;nvram_unset@plt;send_atcmd@plt;sleep@plt;sms_del@plt;sms_modify_type@plt;snprintf@plt;strchr@plt;strcmp@plt;strlen@plt;strncmp@plt;strtok@plt;strtol@plt;system@plt,__fprintf_chk;__snprintf_chk;__sprintf_chk;__stack_chk_fail;__strncpy_chk;__syslog_chk;_eval;blob_buf_init;blobmsg_add_field;brport_set_m2u;calc_mcast_tx_mode;chmod;close;compare_text_files;doSystem;fclose;fflush;find_wlan_if_up;fopen;fputc;fputs;fwrite;get_ap_mode;hsearch_r;inet_addr;inet_addr_safe;inet_ntoa;inet_ntop;kill_pidfile_s;logmessage;memset;mylog;notify_rc;nvram_commit;nvram_get;nvram_get_int;nvram_invmatch;nvram_match;nvram_safe_get;nvram_safe_get_int;nvram_set;nvram_set_int;nvram_set_int_temp;nvram_set_temp;nvram_unset;open;pids;putenv;rename;send_atcmd;sleep;sms_del;sms_modify_type;snprintf;strchr;strcmp;strcpy;strlen;strncmp;strncpy;strrchr;strstr;strtok;strtol;system;ubus_connect;ubus_free;ubus_invoke_fd;ubus_lookup_id;unlink;write,
0x1a1a0,asus_nvram_commit,0xbd2c,nvram_commit@plt;nvram_get_int@plt,nvram_commit;nvram_get_int,
0x1a1a8,notify_services,0xbef8,__syslog_chk@plt;notify_rc@plt;nvram_commit@plt;nvram_get_int@plt;nvram_set_int_temp@plt,__syslog_chk;notify_rc;nvram_commit;nvram_get_int;nvram_set_int_temp,
0x1a1b0,login_state_hook,0x9d8c,0x77fc;0x785c;0x786c;__fprintf_chk@plt;__stack_chk_fail@plt;fflush@plt,__fprintf_chk;__stack_chk_fail;fflush;inet_ntop;strncpy,
0x1a1b8,wanlink,0xa700,__fprintf_chk@plt;__snprintf_chk@plt;__sprintf_chk@plt;__stack_chk_fail@plt;__strcpy_chk@plt;fflush@plt;fwrite@plt;get_interface_addr4@plt;get_interface_flags@plt;get_interface_hwaddr@plt;inet_ntoa@plt;memset@plt;nvram_get@plt;nvram_get_int@plt;nvram_safe_get@plt;snprintf@plt;strcmp@plt;strtoll@plt,__fprintf_chk;__snprintf_chk;__sprintf_chk;__stack_chk_fail;__strcpy_chk;fflush;fwrite;get_interface_addr4;get_interface_flags;get_interface_hwaddr;inet_ntoa;memset;nvram_get;nvram_get_int;nvram_safe_get;snprintf;strcmp;strtoll,
0x1a1c0,lanlink,0x8c04,__fprintf_chk@plt;__snprintf_chk@plt;__stack_chk_fail@plt;fflush@plt;fwrite@plt;nvram_get_int@plt,__fprintf_chk;__snprintf_chk;__stack_chk_fail;fflush;fwrite;nvram_get_int,
0x1a1c8,wan_action,0x960c,0x84cc;__fprintf_chk@plt;fflush@plt;notify_rc@plt;nvram_match@plt;strcmp@plt,__fprintf_chk;__stack_chk_fail;fflush;hsearch_r;notify_rc;nvram_match;strcmp,
0x1a1d0,nf_values,0x9188,__fprintf_chk@plt;__sprintf_chk@plt;__stack_chk_fail@plt;fclose@plt;fflush@plt;fgets@plt;fopen@plt;strlen@plt,__fprintf_chk;__sprintf_chk;__stack_chk_fail;fclose;fflush;fgets;fopen;strlen,
0x1a1d8,get_parameter,0x8ba8,0x84cc;fflush@plt;fputs@plt,__stack_chk_fail;fflush;fputs;hsearch_r,
0x1a1e0,get_nvram_list,0x9c10,0xf518;0xf56c;0xf584;__snprintf_chk@plt;__sprintf_chk@plt;__stack_chk_fail@plt;fflush@plt;fputc@plt;fputs@plt;fwrite@plt;nvram_get_int@plt;strcmp@plt,__snprintf_chk;__sprintf_chk;__stack_chk_fail;fflush;fputc;fputs;fwrite;nvram_get_int;nvram_safe_get;strcmp,
0x1a1e8,get_flash_time,0x8a70,__fprintf_chk@plt;fflush@plt,__fprintf_chk;fflush,
0x1a1f0,get_static_client,0xb1b4,__fprintf_chk@plt;__stack_chk_fail@plt;__strncpy_chk@plt;fclose@plt;fflush@plt;fgets@plt;file_lock@plt;file_unlock@plt;fopen@plt;fputc@plt;fwrite@plt;memset@plt;strchr@plt;strlen@plt;system@plt,__fprintf_chk;__stack_chk_fail;__strncpy_chk;fclose;fflush;fgets;file_lock;file_unlock;fopen;fputc;fwrite;memset;strchr;strlen;system,
0x1a1f8,get_static_ccount,0x9b68,__fprintf_chk@plt;__stack_chk_fail@plt;fclose@plt;fflush@plt;fgets@plt;file_lock@plt;file_unlock@plt;fopen@plt;strtoul@plt;system@plt,__fprintf_chk;__stack_chk_fail;fclose;fflush;fgets;file_lock;file_unlock;fopen;strtoul;system,
0x1a200,get_vpns_client,0x9a9c,__fprintf_chk@plt;__isoc99_fscanf@plt;__stack_chk_fail@plt;fclose@plt;fflush@plt;fopen@plt;fwrite@plt,__fprintf_chk;__isoc99_fscanf;__stack_chk_fail;fclose;fflush;fopen;fwrite,
0x1a208,wl_auth_list,NULL,,,
0x1a210,wl_scan_5g,0x86f0,,,
0x1a218,wl_bssid_5g,0xb9b0,,,
0x1a220,wl_bssid_2g,NULL,,,
0x1a228,wl_scan_2g,NULL,,,
0x1a230,shown_language_option,0x86f4,__fprintf_chk@plt;__stack_chk_fail@plt;__strncpy_chk@plt;fclose@plt;fflush@plt;fgets@plt;fopen@plt;fwrite@plt;nvram_safe_get@plt;strchr@plt;strcmp@plt;strncmp@plt,__fprintf_chk;__stack_chk_fail;__strncpy_chk;fclose;fflush;fgets;fopen;fwrite;nvram_safe_get;strchr;strcmp;strncmp,
0x1a238,hardware_pins,0x8a34,__fprintf_chk@plt;fflush@plt,__fprintf_chk;fflush,
0x1a240,detect_internet,0x8e24,kill_pidfile_s@plt,kill_pidfile_s,
0x1a248,dump_syslog,0x9a28,__stack_chk_fail@plt;fclose@plt;fflush@plt;fgets@plt;fopen@plt;fputs@plt,__stack_chk_fail;fclose;fflush;fgets;fopen;fputs,
0x1a250,dump_eth_mib,0x953c,0x84cc;strtol@plt,__stack_chk_fail;hsearch_r;strtol,
0x1a258,get_usb_ports_info,0x89b4,__fprintf_chk@plt;fflush@plt;fwrite@plt,__fprintf_chk;fflush;fwrite,
0x1a260,get_ext_ports_info,0x897c,__fprintf_chk@plt;fflush@plt,__fprintf_chk;fflush,
0x1a268,disk_pool_mapping_info,0x9a10,0x1007c;fflush@plt;fputs@plt,fflush;fputs,
0x1a270,available_disk_names_and_sizes,0x99e8,0x10088;0x10094;fflush@plt;fputs@plt,fflush;fputs,
0x1a278,openssl_util_hook,0x8b64,0xfbdc;__fprintf_chk@plt;fflush@plt,__fprintf_chk;__stack_chk_fail;__xstat;fflush,
0x1a280,openvpn_srv_cert_hook,0x895c,__fprintf_chk@plt;fflush@plt,__fprintf_chk;fflush,
0x1a288,openvpn_cli_cert_hook,0x893c,__fprintf_chk@plt;fflush@plt,__fprintf_chk;fflush,
0x1a290,get_serialno,0x9558,__isoc99_sscanf@plt;__stack_chk_fail@plt;fclose@plt;fflush@plt;fgets@plt;fopen@plt;fputs@plt;memset@plt;strstr@plt,__isoc99_sscanf;__stack_chk_fail;fclose;fflush;fgets;fopen;fputs;memset;strstr,
0x1a298,login_lock_info,0x78c8,__fprintf_chk@plt;__stack_chk_fail@plt;fflush@plt;sysinfo@plt,__fprintf_chk;__stack_chk_fail;fflush;sysinfo,
0x1a2a0,get_band_info,0x96e8,__snprintf_chk@plt;__stack_chk_fail@plt;fgets@plt;memset@plt;nvram_match@plt;nvram_set_int_temp@plt;pclose@plt;popen@plt;strcasestr@plt;strtok@plt;strtol@plt;system@plt,__snprintf_chk;__stack_chk_fail;fgets;memset;nvram_match;nvram_set_int_temp;pclose;popen;strcasestr;strtok;strtol;system,
0x1a2a8,restart_adbd,0x8bd8,fflush@plt;fwrite@plt;system@plt,fflush;fwrite;system,
0x1a2b0,get_sms,0x9940,__fprintf_chk@plt;fflush@plt;fwrite@plt;sms_get_list@plt;strtol@plt,__fprintf_chk;fflush;fwrite;sms_get_list;strtol,
