ASP,ASP_args,handler,handler_symbol_offset,system,scripts,config_files,written_files,service_restart,USB_operation,ADB_operation,path_literals,evidence_notes
Advanced_BasicFirewall_Content.asp,""""", ""http_proto"" | """", ""https_wport"" | """", ""misc_httpport_x"" | """", ""preferred_lang"" | """",""ftpd_wport"" | """",""sshd_wport"" | """",""udpxy_wport""",nvram_get_x,0xa310,NO identified,NO identified,NVRAM or handler literals (see CSV),NO identified device write; response I/O excluded,NO identified,NO identified,NO identified,,"reviewed normal control flow; indirect/external implementation not exhaustive; paths are references, not automatically writes"
Advanced_Exposed_Content.asp,""""", ""preferred_lang"" | """",""dmz_ip""",nvram_get_x,0xa310,NO identified,NO identified,NVRAM or handler literals (see CSV),NO identified device write; response I/O excluded,NO identified,NO identified,NO identified,,"reviewed normal control flow; indirect/external implementation not exhaustive; paths are references, not automatically writes"
Advanced_FirmwareUpgrade_Content.asp,""""", ""computer_name"" | """", ""fw_ver"" | """", ""preferred_lang"" | """", ""real_ver""",nvram_get_x,0xa310,NO identified,NO identified,NVRAM or handler literals (see CSV),NO identified device write; response I/O excluded,NO identified,NO identified,NO identified,,"reviewed normal control flow; indirect/external implementation not exhaustive; paths are references, not automatically writes"
Advanced_IPFiltering.asp,""""", ""http_proto"" | """", ""ipfilter_ipaddr"" | """", ""ipfilter_num_x"" | """", ""preferred_lang"" | """",""ipfilter_list_x_0""",nvram_get_x,0xa310,NO identified,NO identified,NVRAM or handler literals (see CSV),NO identified device write; response I/O excluded,NO identified,NO identified,NO identified,,"reviewed normal control flow; indirect/external implementation not exhaustive; paths are references, not automatically writes"
Advanced_LAN_Content.asp,""""", ""dhcp_dns1_x"" | """", ""dhcp_dns2_x"" | """", ""dhcp_dns3_x"" | """", ""dhcp_dnsv6_x"" | """", ""dhcp_gateway_x"" | """", ""dhcp_lease"" | """", ""dhcp_start"" | """", ""dhcp_staticip_x_0"" | """", ""dhcp_staticmac_x_0"" | """", ""dhcp_staticname_x_0"" | """", ""dhcp_staticnum_x"" | """", ""dhcp_wins_x"" | """", ""lan_domain"" | """", ""lan_ipaddr"" | """", ""lan_netmask"" | """", ""preferred_lang"" | """", ""wan0_ipaddr"" | """", ""wan0_netmask"" | """",""dhcp_end"" | """",""lan_ipaddr"" | """",""lan_netmask"" | ""LANHostConfig"",""lan_ipaddr"" | ""LANHostConfig"",""lan_netmask""",nvram_get_x,0xa310,NO identified,NO identified,NVRAM or handler literals (see CSV),NO identified device write; response I/O excluded,NO identified,NO identified,NO identified,,"reviewed normal control flow; indirect/external implementation not exhaustive; paths are references, not automatically writes"
Advanced_MACFilter_Content.asp,""""", ""macfilter_date_x_0"" | """", ""macfilter_list_x_0"" | """", ""macfilter_num_x"" | """", ""macfilter_time_x_0"" | """", ""preferred_lang""",nvram_get_x,0xa310,NO identified,NO identified,NVRAM or handler literals (see CSV),NO identified device write; response I/O excluded,NO identified,NO identified,NO identified,,"reviewed normal control flow; indirect/external implementation not exhaustive; paths are references, not automatically writes"
Advanced_Modify3726_Imei.asp,""""", ""preferred_lang"" | """",""imei""",nvram_get_x,0xa310,NO identified,NO identified,NVRAM or handler literals (see CSV),NO identified device write; response I/O excluded,NO identified,NO identified,NO identified,,"reviewed normal control flow; indirect/external implementation not exhaustive; paths are references, not automatically writes"
Advanced_NMS_Content.asp,""""", ""NmsEnable"" | """", ""oneM2MAutoFwUpgrade"" | """", ""oneM2MEnable"" | """", ""oneM2MServerURL"" | """", ""preferred_lang"" | """",""NmsReportInterval"" | """",""NmsServerIp"" | """",""NmsServerPort"" | """",""oneM2MServiceCode""",nvram_get_x,0xa310,NO identified,NO identified,NVRAM or handler literals (see CSV),NO identified device write; response I/O excluded,NO identified,NO identified,NO identified,,"reviewed normal control flow; indirect/external implementation not exhaustive; paths are references, not automatically writes"
Advanced_PortFiltering.asp,""""", ""http_proto"" | """", ""portfilter_eport_x_0"" | """", ""portfilter_num_x"" | """", ""portfilter_sport_x_0"" | """", ""preferred_lang""",nvram_get_x,0xa310,NO identified,NO identified,NVRAM or handler literals (see CSV),NO identified device write; response I/O excluded,NO identified,NO identified,NO identified,,"reviewed normal control flow; indirect/external implementation not exhaustive; paths are references, not automatically writes"
Advanced_SettingBackup_Content.asp,""""", ""lan_ipaddr_t"" | """", ""mtd_rwfs_mount"" | """", ""nvram_manual"" | """", ""preferred_lang"" | """", ""productid"" | """", ""rstats_stored"" | """", ""stime_stored""",nvram_get_x,0xa310,NO identified,NO identified,NVRAM or handler literals (see CSV),NO identified device write; response I/O excluded,NO identified,NO identified,NO identified,,"reviewed normal control flow; indirect/external implementation not exhaustive; paths are references, not automatically writes"
Advanced_Settings_Band.asp,""""", ""preferred_lang""",nvram_get_x,0xa310,NO identified,NO identified,NVRAM or handler literals (see CSV),NO identified device write; response I/O excluded,NO identified,NO identified,NO identified,,"reviewed normal control flow; indirect/external implementation not exhaustive; paths are references, not automatically writes"
Advanced_Settings_Content.asp,""""", ""preferred_lang"" | """",""sim1_apn"" | """",""sim2_apn""",nvram_get_x,0xa310,NO identified,NO identified,NVRAM or handler literals (see CSV),NO identified device write; response I/O excluded,NO identified,NO identified,NO identified,,"reviewed normal control flow; indirect/external implementation not exhaustive; paths are references, not automatically writes"
Advanced_System_AutoSleep.asp,""""", ""preferred_lang""",nvram_get_x,0xa310,NO identified,NO identified,NVRAM or handler literals (see CSV),NO identified device write; response I/O excluded,NO identified,NO identified,NO identified,,"reviewed normal control flow; indirect/external implementation not exhaustive; paths are references, not automatically writes"
Advanced_System_Content.asp,""""", ""http_passwd"" | """", ""preferred_lang"" | """", ""serialno"" | """",""modem_apn""",nvram_get_x,0xa310,NO identified,NO identified,NVRAM or handler literals (see CSV),NO identified device write; response I/O excluded,NO identified,NO identified,NO identified,,"reviewed normal control flow; indirect/external implementation not exhaustive; paths are references, not automatically writes"
Advanced_System_Info.asp,""""", ""preferred_lang""",nvram_get_x,0xa310,NO identified,NO identified,NVRAM or handler literals (see CSV),NO identified device write; response I/O excluded,NO identified,NO identified,NO identified,,"reviewed normal control flow; indirect/external implementation not exhaustive; paths are references, not automatically writes"
Advanced_URLFilter_Content.asp,""""", ""preferred_lang"" | """", ""url_inv_x"" | """", ""url_keyword_x_0"" | """",""url_date_x"" | """",""url_mac_x"" | """",""url_num_x"" | """",""url_time_x""",nvram_get_x,0xa310,NO identified,NO identified,NVRAM or handler literals (see CSV),NO identified device write; response I/O excluded,NO identified,NO identified,NO identified,,"reviewed normal control flow; indirect/external implementation not exhaustive; paths are references, not automatically writes"
Advanced_VirtualServer_Content.asp,""""", ""preferred_lang"" | """", ""upnp_clean_int"" | """", ""upnp_clean_min"" | """", ""upnp_eport_max"" | """", ""upnp_eport_min"" | """", ""upnp_iport_max"" | """", ""upnp_iport_min"" | """", ""vts_eport_x_0"" | """", ""vts_ipaddr_x_0"" | """", ""vts_lport_x_0"" | """", ""vts_port_x_0"" | """", ""vts_protono_x_0"" | """", ""vts_sport_x_0"" | ""IPConnection"", ""vts_num_x""",nvram_get_x,0xa310,NO identified,NO identified,NVRAM or handler literals (see CSV),NO identified device write; response I/O excluded,NO identified,NO identified,NO identified,,"reviewed normal control flow; indirect/external implementation not exhaustive; paths are references, not automatically writes"
Advanced_VPN_Content.asp,""""", ""axg_enc1"" | """", ""axg_enc2"" | """", ""axg_interval1"" | """", ""axg_interval2"" | """", ""axg_key1"" | """", ""axg_key2"" | """", ""axg_opmode1"" | """", ""axg_opmode2"" | """", ""axg_queue1"" | """", ""axg_queue2"" | """", ""axg_svrip1"" | """", ""axg_svrip2"" | """", ""axg_svrport1"" | """", ""axg_svrport2"" | """", ""axg_threshold1"" | """", ""axg_threshold2"" | """", ""axg_userid1"" | """", ""axg_userid2"" | """", ""scw_crypto"" | """", ""scw_logsize"" | """", ""scw_sitetosite"" | """", ""scw_svrip"" | """", ""scw_svrport"" | """", ""scw_userid"" | """", ""scw_userpw"" | """", ""scw_version3"" | """", ""sslvpnEnbl"" | """", ""sslvpnmode""",nvram_get_x,0xa310,NO identified,NO identified,NVRAM or handler literals (see CSV),NO identified device write; response I/O excluded,NO identified,NO identified,NO identified,,"reviewed normal control flow; indirect/external implementation not exhaustive; paths are references, not automatically writes"
Advanced_WAN_Content.asp,""""", ""lan_ipaddr"" | """", ""lan_netmask"" | """", ""preferred_lang"" | """", ""vlan_pri_cpu"" | """", ""vlan_pri_iptv"" | """", ""vlan_pri_lan1"" | """", ""vlan_pri_lan2"" | """", ""vlan_pri_lan3"" | """", ""vlan_pri_lan4"" | """", ""vlan_tag_lan1"" | """", ""vlan_tag_lan2"" | """", ""vlan_tag_lan3"" | """", ""vlan_tag_lan4"" | """", ""vlan_vid_cpu"" | """", ""vlan_vid_iptv"" | """", ""vlan_vid_lan1"" | """", ""vlan_vid_lan2"" | """", ""vlan_vid_lan3"" | """", ""vlan_vid_lan4"" | """", ""wan_dnsenable_x"" | """", ""wan_l2tp_mru"" | """", ""wan_l2tp_mtu"" | """", ""wan_ppp_pppd"" | """", ""wan_pppoe_mru"" | """", ""wan_pppoe_mtu"" | """", ""wan_pptp_mru"" | """", ""wan_pptp_mtu"" | """", ""wan_src_phy"" | """", ""x_DHCPClient"" | """",""viptv_gateway"" | """",""viptv_ipaddr"" | """",""viptv_netmask"" | """",""wan_auth_host"" | """",""wan_auth_pass"" | """",""wan_auth_user"" | """",""wan_dns1_x"" | """",""wan_dns2_x"" | """",""wan_dns3_x"" | """",""wan_gateway"" | """",""wan_hostname"" | """",""wan_hwaddr_x"" | """",""wan_ipaddr"" | """",""wan_mtu"" | """",""wan_netmask"" | """",""wan_ppp_peer"" | """",""wan_pppoe_ac"" | """",""wan_pppoe_idletime"" | """",""wan_pppoe_passwd"" | """",""wan_pppoe_service"" | """",""wan_pppoe_username"" | """",""wan_vci""",nvram_get_x,0xa310,NO identified,NO identified,NVRAM or handler literals (see CSV),NO identified device write; response I/O excluded,NO identified,NO identified,NO identified,,"reviewed normal control flow; indirect/external implementation not exhaustive; paths are references, not automatically writes"
Advanced_Wireless2g_Content.asp,""""", ""preferred_lang"" | """", ""rt_TxPower"" | """", ""rt_gmode_protection"" | """", ""rt_wpa_gtk_rekey"" | """", ""wifi_max_sta"" | """",""rt_HT_EXTCHA"" | """",""rt_channel"" | """",""rt_country_code"" | """",""rt_key_type"" | """",""rt_mode_x"" | """",""rt_nmode"" | """",""rt_radio_date_x"" | """",""rt_radio_time2_x"" | """",""rt_radio_time_x"" | """",""rt_wpa_mode""",nvram_get_x,0xa310,NO identified,NO identified,NVRAM or handler literals (see CSV),NO identified device write; response I/O excluded,NO identified,NO identified,NO identified,,"reviewed normal control flow; indirect/external implementation not exhaustive; paths are references, not automatically writes"
Advanced_Wireless_Content.asp,""""", ""preferred_lang"" | """", ""wifi_max_sta"" | """", ""wl_AssocReqRssiThres"" | """", ""wl_KickStaRssiLow"" | """", ""wl_TxPower"" | """", ""wl_wpa_gtk_rekey"" | """",""wl_channel"" | """",""wl_country_code"" | """",""wl_key_type"" | """",""wl_mode_x"" | """",""wl_nmode"" | """",""wl_radio_date_x"" | """",""wl_radio_time2_x"" | """",""wl_radio_time_x"" | """",""wl_wpa_mode""",nvram_get_x,0xa310,NO identified,NO identified,NVRAM or handler literals (see CSV),NO identified device write; response I/O excluded,NO identified,NO identified,NO identified,,"reviewed normal control flow; indirect/external implementation not exhaustive; paths are references, not automatically writes"
Advanced_Wireless_Content2.asp,""""", ""preferred_lang"" | """", ""wl_AssocReqRssiThres"" | """", ""wl_KickStaRssiLow"" | """", ""wl_TxPower"" | """", ""wl_wpa_gtk_rekey"" | """",""wl_channel_1"" | """",""wl_country_code_1"" | """",""wl_key_type_1"" | """",""wl_mode_x_1"" | """",""wl_nmode_1"" | """",""wl_radio_date_x_1"" | """",""wl_radio_time2_x_1"" | """",""wl_radio_time_x_1"" | """",""wl_wpa_mode_1""",nvram_get_x,0xa310,NO identified,NO identified,NVRAM or handler literals (see CSV),NO identified device write; response I/O excluded,NO identified,NO identified,NO identified,,"reviewed normal control flow; indirect/external implementation not exhaustive; paths are references, not automatically writes"
ajax_ddnscode.asp,""""",""ddns_return_code""",nvram_get_x,0xa310,NO identified,NO identified,NVRAM or handler literals (see CSV),NO identified device write; response I/O excluded,NO identified,NO identified,NO identified,,"reviewed normal control flow; indirect/external implementation not exhaustive; paths are references, not automatically writes"
as.asp,""""", ""preferred_lang""",nvram_get_x,0xa310,NO identified,NO identified,NVRAM or handler literals (see CSV),NO identified device write; response I/O excluded,NO identified,NO identified,NO identified,,"reviewed normal control flow; indirect/external implementation not exhaustive; paths are references, not automatically writes"
device-map/clients.asp,""""", ""MFList"" | """", ""macfilter_enable_x"" | """", ""networkmap_fullscan""",nvram_get_x,0xa310,NO identified,NO identified,NVRAM or handler literals (see CSV),NO identified device write; response I/O excluded,NO identified,NO identified,NO identified,,"reviewed normal control flow; indirect/external implementation not exhaustive; paths are references, not automatically writes"
device-map/internet.asp,""""", ""PhoneNumber"" | """", ""lan_ipaddr"" | """", ""serialno"" | """", ""service_state""",nvram_get_x,0xa310,NO identified,NO identified,NVRAM or handler literals (see CSV),NO identified device write; response I/O excluded,NO identified,NO identified,NO identified,,"reviewed normal control flow; indirect/external implementation not exhaustive; paths are references, not automatically writes"
device-map/system.asp,""""", ""PhoneNumber"" | """", ""band"" | """", ""band_3g"" | """", ""band_5g"" | """", ""fw_ver"" | """", ""iccid"" | """", ""imei"" | """", ""imsi"" | """", ""lan_ipaddr"" | """", ""lan_netmask"" | """", ""model_version"" | """", ""modem_apn"" | """", ""modem_ver"" | """", ""module_ver"" | """", ""operator"" | """", ""rf_hwid"" | """", ""sn_num"" | """", ""wan0_netmask"" | """", ""wan_dns2_x""",nvram_get_x,0xa310,NO identified,NO identified,NVRAM or handler literals (see CSV),NO identified device write; response I/O excluded,NO identified,NO identified,NO identified,,"reviewed normal control flow; indirect/external implementation not exhaustive; paths are references, not automatically writes"
index.asp,""""", ""preferred_lang"" | """", ""rt_auth_mode"" | """", ""rt_wep_x"" | """", ""rt_wpa_mode"" | """", ""wl_auth_mode"" | """", ""wl_wep_x"" | """", ""wl_wpa_mode""",nvram_get_x,0xa310,NO identified,NO identified,NVRAM or handler literals (see CSV),NO identified device write; response I/O excluded,NO identified,NO identified,NO identified,,"reviewed normal control flow; indirect/external implementation not exhaustive; paths are references, not automatically writes"
lan_clients.asp,""""", ""networkmap_fullscan""",nvram_get_x,0xa310,NO identified,NO identified,NVRAM or handler literals (see CSV),NO identified device write; response I/O excluded,NO identified,NO identified,NO identified,,"reviewed normal control flow; indirect/external implementation not exhaustive; paths are references, not automatically writes"
Main_LogStatus_Content.asp,""""", ""preferred_lang""",nvram_get_x,0xa310,NO identified,NO identified,NVRAM or handler literals (see CSV),NO identified device write; response I/O excluded,NO identified,NO identified,NO identified,,"reviewed normal control flow; indirect/external implementation not exhaustive; paths are references, not automatically writes"
Main_TrafficMonitor_daily.asp,""""", ""preferred_lang""",nvram_get_x,0xa310,NO identified,NO identified,NVRAM or handler literals (see CSV),NO identified device write; response I/O excluded,NO identified,NO identified,NO identified,,"reviewed normal control flow; indirect/external implementation not exhaustive; paths are references, not automatically writes"
Main_TrafficMonitor_last24.asp,""""", ""preferred_lang""",nvram_get_x,0xa310,NO identified,NO identified,NVRAM or handler literals (see CSV),NO identified device write; response I/O excluded,NO identified,NO identified,NO identified,,"reviewed normal control flow; indirect/external implementation not exhaustive; paths are references, not automatically writes"
Main_TrafficMonitor_realtime.asp,""""", ""preferred_lang""",nvram_get_x,0xa310,NO identified,NO identified,NVRAM or handler literals (see CSV),NO identified device write; response I/O excluded,NO identified,NO identified,NO identified,,"reviewed normal control flow; indirect/external implementation not exhaustive; paths are references, not automatically writes"
smsInbox.asp,""""", ""preferred_lang""",nvram_get_x,0xa310,NO identified,NO identified,NVRAM or handler literals (see CSV),NO identified device write; response I/O excluded,NO identified,NO identified,NO identified,,"reviewed normal control flow; indirect/external implementation not exhaustive; paths are references, not automatically writes"
smsNotSendbox.asp,""""", ""preferred_lang""",nvram_get_x,0xa310,NO identified,NO identified,NVRAM or handler literals (see CSV),NO identified device write; response I/O excluded,NO identified,NO identified,NO identified,,"reviewed normal control flow; indirect/external implementation not exhaustive; paths are references, not automatically writes"
smsOutbox.asp,""""", ""preferred_lang""",nvram_get_x,0xa310,NO identified,NO identified,NVRAM or handler literals (see CSV),NO identified device write; response I/O excluded,NO identified,NO identified,NO identified,,"reviewed normal control flow; indirect/external implementation not exhaustive; paths are references, not automatically writes"
smsSend.asp,""""", ""preferred_lang""",nvram_get_x,0xa310,NO identified,NO identified,NVRAM or handler literals (see CSV),NO identified device write; response I/O excluded,NO identified,NO identified,NO identified,,"reviewed normal control flow; indirect/external implementation not exhaustive; paths are references, not automatically writes"
statistic.asp,""""", ""filter_lw_num_x"" | """", ""model_version"" | """",""filter_lw_date_x"" | """",""filter_lw_time_x""",nvram_get_x,0xa310,NO identified,NO identified,NVRAM or handler literals (see CSV),NO identified device write; response I/O excluded,NO identified,NO identified,NO identified,,"reviewed normal control flow; indirect/external implementation not exhaustive; paths are references, not automatically writes"
status_internet.asp,""""", ""link_internet"" | """", ""vpnc_state_t""",nvram_get_x,0xa310,NO identified,NO identified,NVRAM or handler literals (see CSV),NO identified device write; response I/O excluded,NO identified,NO identified,NO identified,,"reviewed normal control flow; indirect/external implementation not exhaustive; paths are references, not automatically writes"
REGISTERED_UNUSED,,nvram_get_list_x,0xb8a0,NO identified,NO identified,NVRAM or handler literals (see CSV),NO identified device write; response I/O excluded,NO identified,NO identified,NO identified,,"reviewed normal control flow; indirect/external implementation not exhaustive; paths are references, not automatically writes"
REGISTERED_UNUSED,,nvram_get_buf_x,0xbcc4,NO identified,NO identified,NVRAM or handler literals (see CSV),NO identified device write; response I/O excluded,NO identified,NO identified,NO identified,,"reviewed normal control flow; indirect/external implementation not exhaustive; paths are references, not automatically writes"
Advanced_URLFilter_Content.asp,"""FirewallConfig"",""UrlList""",nvram_get_table_x,0xb7cc,NO identified,NO identified,NVRAM or handler literals (see CSV),NO identified device write; response I/O excluded,NO identified,NO identified,NO identified,,"reviewed normal control flow; indirect/external implementation not exhaustive; paths are references, not automatically writes"
Advanced_BasicFirewall_Content.asp,""""", ""aria_ropen"", ""0"", ""checked"" | """", ""aria_ropen"", ""0"", ""value=0"" | """", ""aria_ropen"", ""1"", ""checked"" | """", ""aria_ropen"", ""1"", ""value=1 checked"" | """", ""ftpd_wopen"", ""0"", ""checked"" | """", ""ftpd_wopen"", ""0"", ""value=0"" | """", ""ftpd_wopen"", ""1"", ""checked"" | """", ""ftpd_wopen"", ""1"", ""value=1 checked"" | """", ""fw_dos_x"", ""0"", ""checked"" | """", ""fw_dos_x"", ""0"", ""value=0"" | """", ""fw_dos_x"", ""1"", ""checked"" | """", ""fw_dos_x"", ""1"", ""value=1 checked"" | """", ""fw_enable_x"", ""0"", ""value=0"" | """", ""fw_enable_x"", ""1"", ""value=1 checked"" | """", ""fw_syn_cook"", ""0"", ""checked"" | """", ""fw_syn_cook"", ""0"", ""value=0"" | """", ""fw_syn_cook"", ""1"", ""checked"" | """", ""fw_syn_cook"", ""1"", ""value=1 checked"" | """", ""https_wopen"", ""0"", ""value=0"" | """", ""https_wopen"", ""1"", ""value=1 checked"" | """", ""misc_http_x"", ""0"", ""value=0"" | """", ""misc_http_x"", ""1"", ""value=1 checked"" | """", ""misc_ping_x"", ""0"", ""value=0"" | """", ""misc_ping_x"", ""1"", ""value=1 checked"" | """", ""sshd_wopen"", ""0"", ""checked"" | """", ""sshd_wopen"", ""0"", ""value=0"" | """", ""sshd_wopen"", ""1"", ""checked"" | """", ""sshd_wopen"", ""1"", ""value=1 checked"" | """", ""trmd_ropen"", ""0"", ""checked"" | """", ""trmd_ropen"", ""0"", ""value=0"" | """", ""trmd_ropen"", ""1"", ""checked"" | """", ""trmd_ropen"", ""1"", ""value=1 checked"" | """", ""udpxy_wopen"", ""0"", ""checked"" | """", ""udpxy_wopen"", ""0"", ""value=0"" | """", ""udpxy_wopen"", ""1"", ""checked"" | """", ""udpxy_wopen"", ""1"", ""value=1 checked"" | """",""fw_enable_x"", ""0"", ""checked"" | """",""fw_enable_x"", ""1"", ""checked"" | """",""fw_log_x"", ""accept"",""selected"" | """",""fw_log_x"", ""both"",""selected"" | """",""fw_log_x"", ""drop"",""selected"" | """",""fw_log_x"", ""none"",""selected"" | """",""https_wopen"", ""0"", ""checked"" | """",""https_wopen"", ""1"", ""checked"" | """",""misc_http_x"", ""0"", ""checked"" | """",""misc_http_x"", ""1"", ""checked"" | """",""misc_ping_x"", ""0"", ""checked"" | """",""misc_ping_x"", ""1"", ""checked"" | """",""sshd_wbfp"", ""0"",""selected"" | """",""sshd_wbfp"", ""1"",""selected"" | """",""sshd_wbfp"", ""2"",""selected"" | """",""sshd_wbfp"", ""3"",""selected"" | """",""sshd_wbfp"", ""4"",""selected"" | """",""sshd_wbfp"", ""5"",""selected""",nvram_match_x,0xb744,NO identified,NO identified,NVRAM or handler literals (see CSV),NO identified device write; response I/O excluded,NO identified,NO identified,NO identified,,"reviewed normal control flow; indirect/external implementation not exhaustive; paths are references, not automatically writes"
Advanced_Exposed_Content.asp,""""", ""dms_enable"", ""0"", ""checked"" | """", ""dms_enable"", ""0"", ""value=0"" | """", ""dms_enable"", ""1"", ""checked"" | """", ""dms_enable"", ""1"", ""value=1 checked"" | """", ""sp_battle_ips"", ""0"", ""checked"" | """", ""sp_battle_ips"", ""0"", ""value=0"" | """", ""sp_battle_ips"", ""1"", ""checked"" | """", ""sp_battle_ips"", ""1"", ""value=1 checked""",nvram_match_x,0xb744,NO identified,NO identified,NVRAM or handler literals (see CSV),NO identified device write; response I/O excluded,NO identified,NO identified,NO identified,,"reviewed normal control flow; indirect/external implementation not exhaustive; paths are references, not automatically writes"
Advanced_IPFiltering.asp,""""", ""ipfilter_enable"", ""0"", ""checked"" | """", ""ipfilter_enable"", ""0"", ""value=0"" | """", ""ipfilter_enable"", ""1"", ""checked"" | """", ""ipfilter_enable"", ""1"", ""value=1 checked""",nvram_match_x,0xb744,NO identified,NO identified,NVRAM or handler literals (see CSV),NO identified device write; response I/O excluded,NO identified,NO identified,NO identified,,"reviewed normal control flow; indirect/external implementation not exhaustive; paths are references, not automatically writes"
Advanced_LAN_Content.asp,""""", ""dhcp_enable_x"", ""0"", ""value=0"" | """", ""dhcp_enable_x"", ""1"", ""value=1 checked"" | """", ""dhcp_static_arp"", ""0"", ""checked"" | """", ""dhcp_static_arp"", ""0"", ""value=0"" | """", ""dhcp_static_arp"", ""1"", ""checked"" | """", ""dhcp_static_arp"", ""1"", ""value=1 checked"" | """", ""dhcp_static_x"", ""0"", ""checked"" | """", ""dhcp_static_x"", ""0"", ""value=0"" | """", ""dhcp_static_x"", ""1"", ""checked"" | """", ""dhcp_static_x"", ""1"", ""value=1 checked"" | """", ""dhcp_verbose"", ""0"",""selected"" | """", ""dhcp_verbose"", ""1"",""selected"" | """", ""dhcp_verbose"", ""2"",""selected"" | """", ""dhcp_verbose"", ""3"",""selected"" | """", ""lan_dhcpd_x"", ""0"", ""value=0"" | """", ""lan_dhcpd_x"", ""1"", ""value=1 checked"" | """",""dhcp_enable_x"", ""0"", ""checked"" | """",""dhcp_enable_x"", ""1"", ""checked"" | """",""lan_dhcpd_x"", ""0"", ""checked"" | """",""lan_dhcpd_x"", ""1"", ""checked""",nvram_match_x,0xb744,NO identified,NO identified,NVRAM or handler literals (see CSV),NO identified device write; response I/O excluded,NO identified,NO identified,NO identified,,"reviewed normal control flow; indirect/external implementation not exhaustive; paths are references, not automatically writes"
Advanced_MACFilter_Content.asp,""""", ""fw_mac_drop"", ""0"", ""value=0"" | """", ""fw_mac_drop"", ""1"", ""value=1 checked"" | """",""fw_mac_drop"", ""0"", ""checked"" | """",""fw_mac_drop"", ""1"", ""checked"" | """",""macfilter_enable_x"", ""0"",""selected"" | """",""macfilter_enable_x"", ""1"",""selected"" | """",""macfilter_enable_x"", ""2"",""selected""",nvram_match_x,0xb744,NO identified,NO identified,NVRAM or handler literals (see CSV),NO identified device write; response I/O excluded,NO identified,NO identified,NO identified,,"reviewed normal control flow; indirect/external implementation not exhaustive; paths are references, not automatically writes"
Advanced_PortFiltering.asp,""""", ""portfilter_enable"", ""0"", ""checked"" | """", ""portfilter_enable"", ""0"", ""value=0"" | """", ""portfilter_enable"", ""1"", ""checked"" | """", ""portfilter_enable"", ""1"", ""value=1 checked""",nvram_match_x,0xb744,NO identified,NO identified,NVRAM or handler literals (see CSV),NO identified device write; response I/O excluded,NO identified,NO identified,NO identified,,"reviewed normal control flow; indirect/external implementation not exhaustive; paths are references, not automatically writes"
Advanced_SettingBackup_Content.asp,""""", ""mtd_rwfs_mount"", ""0"", ""selected"" | """", ""mtd_rwfs_mount"", ""1"", ""selected"" | """", ""nvram_manual"", ""0"", ""selected"" | """", ""nvram_manual"", ""1"", ""selected"" | """", ""rstats_stored"", ""0"", ""selected"" | """", ""rstats_stored"", ""1"", ""selected"" | """", ""rstats_stored"", ""2"", ""selected"" | """", ""rstats_stored"", ""3"", ""selected"" | """", ""rstats_stored"", ""4"", ""selected"" | """", ""rstats_stored"", ""5"", ""selected"" | """", ""rstats_stored"", ""6"", ""selected"" | """", ""rstats_stored"", ""7"", ""selected"" | """", ""stime_stored"", ""0"", ""selected"" | """", ""stime_stored"", ""1"", ""selected""",nvram_match_x,0xb744,NO identified,NO identified,NVRAM or handler literals (see CSV),NO identified device write; response I/O excluded,NO identified,NO identified,NO identified,,"reviewed normal control flow; indirect/external implementation not exhaustive; paths are references, not automatically writes"
Advanced_Settings_Band.asp,""""", ""band1_enable_x"", ""0"", ""value=0"" | """", ""band1_enable_x"", ""1"", ""value=1 checked"" | """", ""band28_enable_x"", ""0"", ""value=0"" | """", ""band28_enable_x"", ""1"", ""value=1 checked"" | """", ""band34_enable_x"", ""0"", ""value=0"" | """", ""band34_enable_x"", ""1"", ""value=1 checked"" | """", ""band38_enable_x"", ""0"", ""value=0"" | """", ""band38_enable_x"", ""1"", ""value=1 checked"" | """", ""band39_enable_x"", ""0"", ""value=0"" | """", ""band39_enable_x"", ""1"", ""value=1 checked"" | """", ""band3_enable_x"", ""0"", ""value=0"" | """", ""band3_enable_x"", ""1"", ""value=1 checked"" | """", ""band40_enable_x"", ""0"", ""value=0"" | """", ""band40_enable_x"", ""1"", ""value=1 checked"" | """", ""band41_enable_x"", ""0"", ""value=0"" | """", ""band41_enable_x"", ""1"", ""value=1 checked"" | """", ""band5_enable_x"", ""0"", ""value=0"" | """", ""band5_enable_x"", ""1"", ""value=1 checked"" | """", ""band8_enable_x"", ""0"", ""value=0"" | """", ""band8_enable_x"", ""1"", ""value=1 checked"" | """", ""band_n1_enable_x"", ""0"", ""value=0"" | """", ""band_n1_enable_x"", ""1"", ""value=1 checked"" | """", ""band_n28_enable_x"", ""0"", ""value=0"" | """", ""band_n28_enable_x"", ""1"", ""value=1 checked"" | """", ""band_n41_enable_x"", ""0"", ""value=0"" | """", ""band_n41_enable_x"", ""1"", ""value=1 checked"" | """", ""band_n78_enable_x"", ""0"", ""value=0"" | """", ""band_n78_enable_x"", ""1"", ""value=1 checked""",nvram_match_x,0xb744,NO identified,NO identified,NVRAM or handler literals (see CSV),NO identified device write; response I/O excluded,NO identified,NO identified,NO identified,,"reviewed normal control flow; indirect/external implementation not exhaustive; paths are references, not automatically writes"
Advanced_Settings_Content.asp,""""", ""modem_pdp_type"", ""0"", ""selected"" | """", ""modem_pdp_type"", ""2"", ""selected"" | """", ""modem_pdp_type"", ""3"", ""selected"" | """", ""roam_enable_x"", ""0"", ""value=0"" | """", ""roam_enable_x"", ""1"", ""value=1 checked"" | """", ""simcard"", ""1"", ""selected"" | """", ""simcard"", ""2"", ""selected"" | """",""dial_policy"", ""0"",""selected"" | """",""dial_policy"", ""1"",""selected"" | """",""dial_policy"", ""2"",""selected"" | """",""dial_policy"", ""3"",""selected"" | """",""operationModeSelect"", ""AUTO"",""selected"" | """",""operationModeSelect"", ""LTE"",""selected"" | """",""operationModeSelect"", ""NR5G"",""selected"" | """",""operationModeSelect"", ""NR5G+LTE"",""selected"" | """",""operationModeSelect"", ""WCDMA"",""selected"" | """",""roam_enable_x"", ""0"", ""checked"" | """",""roam_enable_x"", ""1"", ""checked""",nvram_match_x,0xb744,NO identified,NO identified,NVRAM or handler literals (see CSV),NO identified device write; response I/O excluded,NO identified,NO identified,NO identified,,"reviewed normal control flow; indirect/external implementation not exhaustive; paths are references, not automatically writes"
Advanced_System_AutoSleep.asp,""""",""auto_sleep_time"", ""1800"",""selected"" | """",""auto_sleep_time"", ""3600"",""selected"" | """",""auto_sleep_time"", ""600"",""selected"" | """",""enable_auto_sleep"", ""0"", ""checked"" | """",""enable_auto_sleep"", ""0"", ""value=0"" | """",""enable_auto_sleep"", ""1"", ""checked"" | """",""enable_auto_sleep"", ""1"", ""value=1 checked""",nvram_match_x,0xb744,NO identified,NO identified,NVRAM or handler literals (see CSV),NO identified device write; response I/O excluded,NO identified,NO identified,NO identified,,"reviewed normal control flow; indirect/external implementation not exhaustive; paths are references, not automatically writes"
Advanced_URLFilter_Content.asp,""""", ""url_enable_x"", ""0"", ""value=0"" | """", ""url_enable_x"", ""1"", ""value=1 checked"" | """", ""url_inv_x"", ""1"", ""checked"" | """",""url_enable_x"", ""0"", ""checked"" | """",""url_enable_x"", ""1"", ""checked""",nvram_match_x,0xb744,NO identified,NO identified,NVRAM or handler literals (see CSV),NO identified device write; response I/O excluded,NO identified,NO identified,NO identified,,"reviewed normal control flow; indirect/external implementation not exhaustive; paths are references, not automatically writes"
Advanced_VirtualServer_Content.asp,""""", ""upnp_enable_x"", ""0"", ""checked"" | """", ""upnp_enable_x"", ""0"", ""value=0"" | """", ""upnp_enable_x"", ""1"", ""checked"" | """", ""upnp_enable_x"", ""1"", ""value=1 checked"" | """", ""upnp_proto"", ""0"", ""selected"" | """", ""upnp_proto"", ""1"", ""selected"" | """", ""upnp_proto"", ""2"", ""selected"" | """", ""upnp_secure"", ""0"", ""selected"" | """", ""upnp_secure"", ""1"", ""selected"" | """", ""vts_enable_x"", ""0"", ""checked"" | """", ""vts_enable_x"", ""0"", ""value=0"" | """", ""vts_enable_x"", ""1"", ""checked"" | """", ""vts_enable_x"", ""1"", ""value=1 checked"" | """",""vts_proto_x_0"",""BOTH"",""selected"" | """",""vts_proto_x_0"",""OTHER"",""selected"" | """",""vts_proto_x_0"",""TCP"",""selected"" | """",""vts_proto_x_0"",""UDP"",""selected""",nvram_match_x,0xb744,NO identified,NO identified,NVRAM or handler literals (see CSV),NO identified device write; response I/O excluded,NO identified,NO identified,NO identified,,"reviewed normal control flow; indirect/external implementation not exhaustive; paths are references, not automatically writes"
Advanced_WAN_Content.asp,""""", ""gw_arp_ping"", ""0"", ""checked"" | """", ""gw_arp_ping"", ""0"", ""value=0"" | """", ""gw_arp_ping"", ""1"", ""checked"" | """", ""gw_arp_ping"", ""1"", ""value=1 checked"" | """", ""hw_nat_mode"", ""0"", ""selected"" | """", ""hw_nat_mode"", ""1"", ""selected"" | """", ""hw_nat_mode"", ""2"", ""selected"" | """", ""hw_nat_mode"", ""3"", ""selected"" | """", ""hw_nat_mode"", ""4"", ""selected"" | """", ""sfe_enable"", ""0"", ""selected"" | """", ""sfe_enable"", ""1"", ""selected"" | """", ""sfe_enable"", ""2"", ""selected"" | """", ""viptv_mode"", ""0"", ""selected"" | """", ""viptv_mode"", ""1"", ""selected"" | """", ""viptv_mode"", ""2"", ""selected"" | """", ""vlan_filter"", ""0"", ""checked"" | """", ""vlan_filter"", ""0"", ""value=0"" | """", ""vlan_filter"", ""1"", ""checked"" | """", ""vlan_filter"", ""1"", ""value=1 checked"" | """", ""vlan_tag_lan1"", ""0"", ""checked"" | """", ""vlan_tag_lan2"", ""0"", ""checked"" | """", ""vlan_tag_lan3"", ""0"", ""checked"" | """", ""vlan_tag_lan4"", ""0"", ""checked"" | """", ""wan_auth_mode"", ""0"", ""selected"" | """", ""wan_auth_mode"", ""1"", ""selected"" | """", ""wan_auth_mode"", ""2"", ""selected"" | """", ""wan_auth_mode"", ""3"", ""selected"" | """", ""wan_auth_mode"", ""4"", ""selected"" | """", ""wan_auth_mode"", ""5"", ""selected"" | """", ""wan_auth_mode"", ""6"", ""selected"" | """", ""wan_auth_mode"", ""7"", ""selected"" | """", ""wan_dnsenable_x"", ""0"", ""checked"" | """", ""wan_dnsenable_x"", ""0"", ""value=0"" | """", ""wan_dnsenable_x"", ""1"", ""checked"" | """", ""wan_dnsenable_x"", ""1"", ""value=1 checked"" | """", ""wan_eth_proto"", ""dhcp"", ""selected"" | """", ""wan_eth_proto"", ""static"", ""selected"" | """", ""wan_ppp_alcp"", ""0"", ""checked"" | """", ""wan_ppp_alcp"", ""1"", ""checked"" | """", ""wan_ppp_auth"", ""0"",""selected"" | """", ""wan_ppp_auth"", ""1"",""selected"" | """", ""wan_ppp_auth"", ""2"",""selected"" | """", ""wan_ppp_auth"", ""3"",""selected"" | """", ""wan_ppp_lcp"", ""0"", ""checked"" | """", ""wan_ppp_lcp"", ""1"", ""checked"" | """", ""wan_ppp_mppe"", ""0"",""selected"" | """", ""wan_ppp_mppe"", ""1"",""selected"" | """", ""wan_ppp_mppe"", ""2"",""selected"" | """", ""wan_ppp_mppe"", ""3"",""selected"" | """", ""wan_pppoe_man"", ""0"", ""selected"" | """", ""wan_pppoe_man"", ""1"", ""selected"" | """", ""wan_pppoe_man"", ""2"", ""selected"" | """", ""wan_proto"", ""dhcp"", ""selected"" | """", ""wan_proto"", ""ethernet"", ""selected"" | """", ""wan_proto"", ""ethernet_mobile"", ""selected"" | """", ""wan_proto"", ""l2tp"", ""selected"" | """", ""wan_proto"", ""mobile"", ""selected"" | """", ""wan_proto"", ""pppoe"", ""selected"" | """", ""wan_proto"", ""pptp"", ""selected"" | """", ""wan_proto"", ""static"", ""selected"" | """", ""wan_stb_iso"", ""0"", ""selected"" | """", ""wan_stb_iso"", ""1"", ""selected"" | """", ""wan_stb_iso"", ""2"", ""selected"" | """", ""wan_stb_x"", ""0"", ""selected"" | """", ""wan_stb_x"", ""1"", ""selected"" | """", ""wan_stb_x"", ""2"", ""selected"" | """", ""wan_stb_x"", ""3"", ""selected"" | """", ""wan_stb_x"", ""4"", ""selected"" | """", ""wan_stb_x"", ""5"", ""selected"" | """", ""wan_stb_x"", ""6"", ""selected"" | """", ""wan_stb_x"", ""7"", ""selected"" | """", ""wan_ttl_fix"", ""0"", ""selected"" | """", ""wan_ttl_fix"", ""1"", ""selected"" | """", ""wan_ttl_fix"", ""2"", ""selected"" | """", ""wan_ttl_value"", ""64"", ""selected"" | """", ""wan_ttl_value"", ""65"", ""selected"" | """", ""x_DHCPClient"", ""0"", ""checked"" | """", ""x_DHCPClient"", ""0"", ""value=0"" | """", ""x_DHCPClient"", ""1"", ""checked"" | """", ""x_DHCPClient"", ""1"", ""value=1 checked"" | """",""wan_l2tpd"", ""0"",""selected"" | """",""wan_l2tpd"", ""1"",""selected""",nvram_match_x,0xb744,NO identified,NO identified,NVRAM or handler literals (see CSV),NO identified device write; response I/O excluded,NO identified,NO identified,NO identified,,"reviewed normal control flow; indirect/external implementation not exhaustive; paths are references, not automatically writes"
Advanced_Wireless2g_Content.asp,""""", ""rt_auth_mode"", ""open"", ""selected"" | """", ""rt_auth_mode"", ""radius"", ""selected"" | """", ""rt_auth_mode"", ""shared"", ""selected"" | """", ""rt_auth_mode"", ""wpa2"", ""selected"" | """", ""rt_closed"", ""0"", ""checked"" | """", ""rt_closed"", ""0"", ""value=0"" | """", ""rt_closed"", ""1"", ""checked"" | """", ""rt_closed"", ""1"", ""value=1 checked"" | """", ""rt_country_code"", ""AU"",""selected"" | """", ""rt_country_code"", ""CN"",""selected"" | """", ""rt_country_code"", ""DB"",""selected"" | """", ""rt_country_code"", ""GB"",""selected"" | """", ""rt_country_code"", ""JP"",""selected"" | """", ""rt_country_code"", ""RU"",""selected"" | """", ""rt_country_code"", ""TW"",""selected"" | """", ""rt_country_code"", ""US"",""selected"" | """", ""rt_crypto"", ""aes"", ""selected"" | """", ""rt_crypto"", ""tkip+aes"", ""selected"" | """", ""rt_mcs_mode"", ""0"", ""selected"" | """", ""rt_mcs_mode"", ""1"", ""selected"" | """", ""rt_mcs_mode"", ""2"", ""selected"" | """", ""rt_mcs_mode"", ""3"", ""selected"" | """", ""rt_mcs_mode"", ""4"", ""selected"" | """", ""rt_mcs_mode"", ""5"", ""selected"" | """", ""rt_mcs_mode"", ""6"", ""selected"" | """", ""rt_mcs_mode"", ""7"", ""selected"" | """", ""rt_mcs_mode"", ""8"", ""selected"" | """", ""rt_mcs_mode"", ""9"", ""selected"" | """", ""rt_wep_x"", ""0"", ""selected"" | """", ""rt_wep_x"", ""1"", ""selected"" | """", ""rt_wep_x"", ""2"", ""selected"" | """",""rt_HT_BW"", ""0"",""selected"" | """",""rt_HT_BW"", ""1"",""selected"" | """",""rt_gmode"", ""0"",""selected"" | """",""rt_gmode"", ""1"",""selected"" | """",""rt_gmode"", ""2"",""selected"" | """",""rt_gmode"", ""3"",""selected"" | """",""rt_gmode"", ""4"",""selected"" | """",""rt_gmode"", ""5"",""selected"" | """",""rt_gmode"", ""6"",""selected"" | """",""rt_key"", ""1"",""selected"" | """",""rt_key"", ""2"",""selected"" | """",""rt_key"", ""3"",""selected"" | """",""rt_key"", ""4"",""selected"" | """",""rt_radio_x"", ""0"", ""checked"" | """",""rt_radio_x"", ""0"", ""value=0"" | """",""rt_radio_x"", ""1"", ""checked"" | """",""rt_radio_x"", ""1"", ""value=1 checked""",nvram_match_x,0xb744,NO identified,NO identified,NVRAM or handler literals (see CSV),NO identified device write; response I/O excluded,NO identified,NO identified,NO identified,,"reviewed normal control flow; indirect/external implementation not exhaustive; paths are references, not automatically writes"
Advanced_Wireless_Content.asp,""""", ""wl_auth_mode"", ""open"", ""selected"" | """", ""wl_auth_mode"", ""radius"", ""selected"" | """", ""wl_auth_mode"", ""shared"", ""selected"" | """", ""wl_auth_mode"", ""wpa2"", ""selected"" | """", ""wl_closed"", ""0"", ""checked"" | """", ""wl_closed"", ""0"", ""value=0"" | """", ""wl_closed"", ""1"", ""checked"" | """", ""wl_closed"", ""1"", ""value=1 checked"" | """", ""wl_country_code"", ""AU"",""selected"" | """", ""wl_country_code"", ""CN"",""selected"" | """", ""wl_country_code"", ""DB"",""selected"" | """", ""wl_country_code"", ""FR"",""selected"" | """", ""wl_country_code"", ""GB"",""selected"" | """", ""wl_country_code"", ""JP"",""selected"" | """", ""wl_country_code"", ""KR"",""selected"" | """", ""wl_country_code"", ""NO"",""selected"" | """", ""wl_country_code"", ""TW"",""selected"" | """", ""wl_country_code"", ""US"",""selected"" | """", ""wl_crypto"", ""aes"", ""selected"" | """", ""wl_crypto"", ""tkip+aes"", ""selected"" | """", ""wl_mcs_mode"", ""0"", ""selected"" | """", ""wl_mcs_mode"", ""1"", ""selected"" | """", ""wl_mcs_mode"", ""2"", ""selected"" | """", ""wl_mcs_mode"", ""3"", ""selected"" | """", ""wl_mcs_mode"", ""4"", ""selected"" | """", ""wl_mcs_mode"", ""5"", ""selected"" | """", ""wl_mcs_mode"", ""6"", ""selected"" | """", ""wl_mcs_mode"", ""7"", ""selected"" | """", ""wl_mcs_mode"", ""8"", ""selected"" | """", ""wl_mcs_mode"", ""9"", ""selected"" | """", ""wl_wep_x"", ""0"", ""selected"" | """", ""wl_wep_x"", ""1"", ""selected"" | """", ""wl_wep_x"", ""2"", ""selected"" | """",""wl_HT_BW"", ""0"",""selected"" | """",""wl_HT_BW"", ""1"",""selected"" | """",""wl_HT_BW"", ""2"",""selected"" | """",""wl_HT_BW"", ""3"",""selected"" | """",""wl_gmode"", ""0"",""selected"" | """",""wl_gmode"", ""1"",""selected"" | """",""wl_gmode"", ""2"",""selected"" | """",""wl_gmode"", ""3"",""selected"" | """",""wl_gmode"", ""4"",""selected"" | """",""wl_gmode"", ""5"",""selected"" | """",""wl_key"", ""1"",""selected"" | """",""wl_key"", ""2"",""selected"" | """",""wl_key"", ""3"",""selected"" | """",""wl_key"", ""4"",""selected"" | """",""wl_radio_x"", ""0"", ""checked"" | """",""wl_radio_x"", ""0"", ""value=0"" | """",""wl_radio_x"", ""1"", ""checked"" | """",""wl_radio_x"", ""1"", ""value=1 checked""",nvram_match_x,0xb744,NO identified,NO identified,NVRAM or handler literals (see CSV),NO identified device write; response I/O excluded,NO identified,NO identified,NO identified,,"reviewed normal control flow; indirect/external implementation not exhaustive; paths are references, not automatically writes"
Advanced_Wireless_Content2.asp,""""", ""wl_auth_mode"", ""radius"", ""selected"" | """", ""wl_auth_mode"", ""wpa2"", ""selected"" | """", ""wl_auth_mode_1"", ""open"", ""selected"" | """", ""wl_auth_mode_1"", ""shared"", ""selected"" | """", ""wl_closed_1"", ""0"", ""checked"" | """", ""wl_closed_1"", ""0"", ""value=0"" | """", ""wl_closed_1"", ""1"", ""checked"" | """", ""wl_closed_1"", ""1"", ""value=1 checked"" | """", ""wl_country_code"", ""AU"",""selected"" | """", ""wl_country_code"", ""CN"",""selected"" | """", ""wl_country_code"", ""DB"",""selected"" | """", ""wl_country_code"", ""FR"",""selected"" | """", ""wl_country_code"", ""GB"",""selected"" | """", ""wl_country_code"", ""JP"",""selected"" | """", ""wl_country_code"", ""KR"",""selected"" | """", ""wl_country_code"", ""NO"",""selected"" | """", ""wl_country_code"", ""TW"",""selected"" | """", ""wl_country_code"", ""US"",""selected"" | """", ""wl_crypto_1"", ""aes"", ""selected"" | """", ""wl_crypto_1"", ""tkip+aes"", ""selected"" | """", ""wl_mcs_mode"", ""0"", ""selected"" | """", ""wl_mcs_mode"", ""1"", ""selected"" | """", ""wl_mcs_mode"", ""2"", ""selected"" | """", ""wl_mcs_mode"", ""3"", ""selected"" | """", ""wl_mcs_mode"", ""4"", ""selected"" | """", ""wl_mcs_mode"", ""5"", ""selected"" | """", ""wl_mcs_mode"", ""6"", ""selected"" | """", ""wl_mcs_mode"", ""7"", ""selected"" | """", ""wl_mcs_mode"", ""8"", ""selected"" | """", ""wl_mcs_mode"", ""9"", ""selected"" | """", ""wl_wep_x_1"", ""0"", ""selected"" | """", ""wl_wep_x_1"", ""1"", ""selected"" | """", ""wl_wep_x_1"", ""2"", ""selected"" | """",""wl_HT_BW_1"", ""0"",""selected"" | """",""wl_HT_BW_1"", ""1"",""selected"" | """",""wl_HT_BW_1"", ""2"",""selected"" | """",""wl_HT_BW_1"", ""3"",""selected"" | """",""wl_gmode"", ""3"",""selected"" | """",""wl_gmode_1"", ""0"",""selected"" | """",""wl_gmode_1"", ""1"",""selected"" | """",""wl_gmode_1"", ""2"",""selected"" | """",""wl_gmode_1"", ""4"",""selected"" | """",""wl_gmode_1"", ""5"",""selected"" | """",""wl_key"", ""1"",""selected"" | """",""wl_key"", ""2"",""selected"" | """",""wl_key"", ""3"",""selected"" | """",""wl_key"", ""4"",""selected"" | """",""wl_radio_x_1"", ""0"", ""checked"" | """",""wl_radio_x_1"", ""0"", ""value=0"" | """",""wl_radio_x_1"", ""1"", ""checked"" | """",""wl_radio_x_1"", ""1"", ""value=1 checked""",nvram_match_x,0xb744,NO identified,NO identified,NVRAM or handler literals (see CSV),NO identified device write; response I/O excluded,NO identified,NO identified,NO identified,,"reviewed normal control flow; indirect/external implementation not exhaustive; paths are references, not automatically writes"
device-map/internet.asp,""""", ""modem_prio"", ""0"", ""selected"" | """", ""modem_prio"", ""1"", ""selected"" | """", ""modem_prio"", ""2"", ""selected"" | """", ""sim_slot"", ""1"", ""selected"" | """", ""sim_slot"", ""2"", ""selected""",nvram_match_x,0xb744,NO identified,NO identified,NVRAM or handler literals (see CSV),NO identified device write; response I/O excluded,NO identified,NO identified,NO identified,,"reviewed normal control flow; indirect/external implementation not exhaustive; paths are references, not automatically writes"
device-map/system.asp,""""", ""modem_prio"", ""0"", ""selected"" | """", ""modem_prio"", ""1"", ""selected"" | """", ""modem_prio"", ""2"", ""selected"" | """", ""sim_slot"", ""1"", ""selected"" | """", ""sim_slot"", ""2"", ""selected""",nvram_match_x,0xb744,NO identified,NO identified,NVRAM or handler literals (see CSV),NO identified device write; response I/O excluded,NO identified,NO identified,NO identified,,"reviewed normal control flow; indirect/external implementation not exhaustive; paths are references, not automatically writes"
Advanced_Wireless2g_Content.asp,""""", ""rt_auth_mode"", ""psk"", """", ""rt_wpa_mode"", ""0"", ""selected"" | """", ""rt_auth_mode"", ""psk"", """", ""rt_wpa_mode"", ""1"", ""selected"" | """", ""rt_auth_mode"", ""psk"", """", ""rt_wpa_mode"", ""2"", ""selected"" | """", ""rt_auth_mode"", ""wpa"", """", ""rt_wpa_mode"", ""3"", ""selected"" | """", ""rt_auth_mode"", ""wpa"", """", ""rt_wpa_mode"", ""4"", ""selected""",nvram_double_match_x,0xa270,NO identified,NO identified,NVRAM or handler literals (see CSV),NO identified device write; response I/O excluded,NO identified,NO identified,NO identified,,"reviewed normal control flow; indirect/external implementation not exhaustive; paths are references, not automatically writes"
Advanced_Wireless_Content.asp,""""", ""wl_auth_mode"", ""psk"", """", ""wl_wpa_mode"", ""0"", ""selected"" | """", ""wl_auth_mode"", ""psk"", """", ""wl_wpa_mode"", ""1"", ""selected"" | """", ""wl_auth_mode"", ""psk"", """", ""wl_wpa_mode"", ""2"", ""selected"" | """", ""wl_auth_mode"", ""wpa"", """", ""wl_wpa_mode"", ""3"", ""selected"" | """", ""wl_auth_mode"", ""wpa"", """", ""wl_wpa_mode"", ""4"", ""selected""",nvram_double_match_x,0xa270,NO identified,NO identified,NVRAM or handler literals (see CSV),NO identified device write; response I/O excluded,NO identified,NO identified,NO identified,,"reviewed normal control flow; indirect/external implementation not exhaustive; paths are references, not automatically writes"
Advanced_Wireless_Content2.asp,""""", ""wl_auth_mode"", ""wpa"", """", ""wl_wpa_mode"", ""3"", ""selected"" | """", ""wl_auth_mode"", ""wpa"", """", ""wl_wpa_mode"", ""4"", ""selected"" | """", ""wl_auth_mode_1"", ""psk"", """", ""wl_wpa_mode_1"", ""0"", ""selected"" | """", ""wl_auth_mode_1"", ""psk"", """", ""wl_wpa_mode_1"", ""1"", ""selected"" | """", ""wl_auth_mode_1"", ""psk"", """", ""wl_wpa_mode_1"", ""2"", ""selected""",nvram_double_match_x,0xa270,NO identified,NO identified,NVRAM or handler literals (see CSV),NO identified device write; response I/O excluded,NO identified,NO identified,NO identified,,"reviewed normal control flow; indirect/external implementation not exhaustive; paths are references, not automatically writes"
REGISTERED_UNUSED,,nvram_match_both_x,0xb6b8,NO identified,NO identified,NVRAM or handler literals (see CSV),NO identified device write; response I/O excluded,NO identified,NO identified,NO identified,,"reviewed normal control flow; indirect/external implementation not exhaustive; paths are references, not automatically writes"
REGISTERED_UNUSED,,nvram_match_list_x,0xb920,NO identified,NO identified,NVRAM or handler literals (see CSV),NO identified device write; response I/O excluded,NO identified,NO identified,NO identified,,"reviewed normal control flow; indirect/external implementation not exhaustive; paths are references, not automatically writes"
statistic.asp,,uptime,0xbd60,NO identified,NO identified,NVRAM or handler literals (see CSV),NO identified device write; response I/O excluded,NO identified,NO identified,NO identified,,"reviewed normal control flow; indirect/external implementation not exhaustive; paths are references, not automatically writes"
Advanced_LAN_Content.asp,"""dnsmasq.dhcp.conf"","""" | ""dnsmasq.dnsmasq.conf"","""" | ""dnsmasq.hosts"",""""",nvram_dump,0xaf84,conditional system/doSystem/_eval via 0x8e38,ASP second argument selects helper; syscmd.sh executes stored command,NVRAM; /etc/storage/*; /tmp/*,conditional /tmp/syscmd.log; /var/u2ec_fifo; temporary NVRAM,conditional network/DLNA notifications,generic command helper can affect USB; no dedicated USB mode,generic command helper can affect ADB; no dedicated gate API,/etc/storage;/etc/storage/cron/crontabs;/etc/storage/dnsmasq;/etc/storage/https;/etc/storage/openvpn/client;/etc/storage/openvpn/server;/opt/sbin:/opt/bin:/usr/sbin:/usr/bin:/sbin:/bin;/tmp;/tmp/%s;/var/run/lpdparent.pid;/var/u2ec_fifo,"reviewed normal control flow; indirect/external implementation not exhaustive; paths are references, not automatically writes"
aplist.asp,"""apscan"",""""",nvram_dump,0xaf84,conditional system/doSystem/_eval via 0x8e38,ASP second argument selects helper; syscmd.sh executes stored command,NVRAM; /etc/storage/*; /tmp/*,conditional /tmp/syscmd.log; /var/u2ec_fifo; temporary NVRAM,conditional network/DLNA notifications,generic command helper can affect USB; no dedicated USB mode,generic command helper can affect ADB; no dedicated gate API,/etc/storage;/etc/storage/cron/crontabs;/etc/storage/dnsmasq;/etc/storage/https;/etc/storage/openvpn/client;/etc/storage/openvpn/server;/opt/sbin:/opt/bin:/usr/sbin:/usr/bin:/sbin:/bin;/tmp;/tmp/%s;/var/run/lpdparent.pid;/var/u2ec_fifo,"reviewed normal control flow; indirect/external implementation not exhaustive; paths are references, not automatically writes"
console_response.asp,"""syscmd.log"",""syscmd.sh""",nvram_dump,0xaf84,conditional system/doSystem/_eval via 0x8e38,ASP second argument selects helper; syscmd.sh executes stored command,NVRAM; /etc/storage/*; /tmp/*,conditional /tmp/syscmd.log; /var/u2ec_fifo; temporary NVRAM,conditional network/DLNA notifications,generic command helper can affect USB; no dedicated USB mode,generic command helper can affect ADB; no dedicated gate API,/etc/storage;/etc/storage/cron/crontabs;/etc/storage/dnsmasq;/etc/storage/https;/etc/storage/openvpn/client;/etc/storage/openvpn/server;/opt/sbin:/opt/bin:/usr/sbin:/usr/bin:/sbin:/bin;/tmp;/tmp/%s;/var/run/lpdparent.pid;/var/u2ec_fifo,"reviewed normal control flow; indirect/external implementation not exhaustive; paths are references, not automatically writes"
Main_LogStatus_Content.asp,"""syslog.log"",""""",nvram_dump,0xaf84,conditional system/doSystem/_eval via 0x8e38,ASP second argument selects helper; syscmd.sh executes stored command,NVRAM; /etc/storage/*; /tmp/*,conditional /tmp/syscmd.log; /var/u2ec_fifo; temporary NVRAM,conditional network/DLNA notifications,generic command helper can affect USB; no dedicated USB mode,generic command helper can affect ADB; no dedicated gate API,/etc/storage;/etc/storage/cron/crontabs;/etc/storage/dnsmasq;/etc/storage/https;/etc/storage/openvpn/client;/etc/storage/openvpn/server;/opt/sbin:/opt/bin:/usr/sbin:/usr/bin:/sbin:/bin;/tmp;/tmp/%s;/var/run/lpdparent.pid;/var/u2ec_fifo,"reviewed normal control flow; indirect/external implementation not exhaustive; paths are references, not automatically writes"
Advanced_Wireless_Content.asp,,firmware_caps_hook,0x8aa8,NO identified,NO identified,NVRAM or handler literals (see CSV),NO identified device write; response I/O excluded,NO identified,NO identified,NO identified,,"reviewed normal control flow; indirect/external implementation not exhaustive; paths are references, not automatically writes"
Advanced_Wireless_Content2.asp,,firmware_caps_hook,0x8aa8,NO identified,NO identified,NVRAM or handler literals (see CSV),NO identified device write; response I/O excluded,NO identified,NO identified,NO identified,,"reviewed normal control flow; indirect/external implementation not exhaustive; paths are references, not automatically writes"
statistic.asp,,json_system_status,0xf090,NO identified,NO identified,/tmp/syslog.log; sysinfo; NVRAM,nvram_set_int_temp metrics cache,NO identified,interface state read,NO identified,/proc/meminfo;/proc/stat;/tmp/syslog.log,"reviewed normal control flow; indirect/external implementation not exhaustive; paths are references, not automatically writes"
system_status_data.asp,,json_system_status,0xf090,NO identified,NO identified,/tmp/syslog.log; sysinfo; NVRAM,nvram_set_int_temp metrics cache,NO identified,interface state read,NO identified,/proc/meminfo;/proc/stat;/tmp/syslog.log,"reviewed normal control flow; indirect/external implementation not exhaustive; paths are references, not automatically writes"
Main_TrafficMonitor_realtime.asp,,netdev,0xa1a8,NO identified,NO identified,NVRAM or handler literals (see CSV),NO identified device write; response I/O excluded,NO identified,NO identified,NO identified,,"reviewed normal control flow; indirect/external implementation not exhaustive; paths are references, not automatically writes"
Main_TrafficMonitor_daily.asp,"""history"", """"",bandwidth,0x92cc,NO system identified,NO identified,/var/spool/rstats-*.js; NVRAM,conditional unlink rstats files; nvram_set_temp,NO identified,NO identified,NO identified,/var/spool/rstats-history.js;/var/spool/rstats-speed.js,"reviewed normal control flow; indirect/external implementation not exhaustive; paths are references, not automatically writes"
Main_TrafficMonitor_last24.asp,"""speed"", """"",bandwidth,0x92cc,NO system identified,NO identified,/var/spool/rstats-*.js; NVRAM,conditional unlink rstats files; nvram_set_temp,NO identified,NO identified,NO identified,/var/spool/rstats-history.js;/var/spool/rstats-speed.js,"reviewed normal control flow; indirect/external implementation not exhaustive; paths are references, not automatically writes"
REGISTERED_UNUSED,,nvram,0xa3f0,NO identified,NO identified,NVRAM or handler literals (see CSV),NO identified device write; response I/O excluded,NO identified,NO identified,NO identified,,"reviewed normal control flow; indirect/external implementation not exhaustive; paths are references, not automatically writes"
Advanced_Wireless2g_Content.asp,""""", ""rt_key1"" | """", ""rt_key2"" | """", ""rt_key3"" | """", ""rt_key4"" | """", ""rt_phrase_x"" | """", ""rt_ssid"" | """", ""rt_wpa_psk""",nvram_char_to_ascii,0xb620,NO identified,NO identified,NVRAM or handler literals (see CSV),NO identified device write; response I/O excluded,NO identified,NO identified,NO identified,,"reviewed normal control flow; indirect/external implementation not exhaustive; paths are references, not automatically writes"
Advanced_Wireless_Content.asp,""""", ""wl_key1"" | """", ""wl_key2"" | """", ""wl_key3"" | """", ""wl_key4"" | """", ""wl_phrase_x"" | """", ""wl_ssid"" | """", ""wl_wpa_psk""",nvram_char_to_ascii,0xb620,NO identified,NO identified,NVRAM or handler literals (see CSV),NO identified device write; response I/O excluded,NO identified,NO identified,NO identified,,"reviewed normal control flow; indirect/external implementation not exhaustive; paths are references, not automatically writes"
Advanced_Wireless_Content2.asp,""""", ""wl_key1_1"" | """", ""wl_key2_1"" | """", ""wl_key3_1"" | """", ""wl_key4_1"" | """", ""wl_phrase_x_1"" | """", ""wl_ssid_1"" | """", ""wl_wpa_psk_1""",nvram_char_to_ascii,0xb620,NO identified,NO identified,NVRAM or handler literals (see CSV),NO identified device write; response I/O excluded,NO identified,NO identified,NO identified,,"reviewed normal control flow; indirect/external implementation not exhaustive; paths are references, not automatically writes"
aplist.asp,""""", ""sta_ssid""",nvram_char_to_ascii,0xb620,NO identified,NO identified,NVRAM or handler literals (see CSV),NO identified device write; response I/O excluded,NO identified,NO identified,NO identified,,"reviewed normal control flow; indirect/external implementation not exhaustive; paths are references, not automatically writes"
REGISTERED_UNUSED,,update_variables,0xd474,YES; _eval; send_atcmd,action_script; VPN scripts; 0x8e38 helper,CGI inputs; NVRAM,NVRAM; conditional /dev/console; temporary command state,Wi-Fi/WAN; reboot EDL branch; notifications,generic command/action capability; no explicit PID/debug switch,no ADB-specific literal or gate-setting call,"/bin/atcmd AT+QNWPREFCFG=\""lte_band\"",%s;/bin/atcmd AT+QPRTPARA=3;/dev/console;/etc/storage;/etc/storage/cron/crontabs;/etc/storage/dnsmasq;/home/admin/.ssh;/opt/sbin:/opt/bin:/usr/sbin:/usr/bin:/sbin:/bin;/tmp;/tmp/%s;/var/run/lpdparent.pid;/var/u2ec_fifo;/var/vpn_axgate/axgate_start.sh &;/var/vpn_axgate/axgate_start.sh stop &;/var/vpn_secuwiz/secuwiz_start.sh &;/var/vpn_secuwiz/secuwiz_start.sh stop &","reviewed normal control flow; indirect/external implementation not exhaustive; paths are references, not automatically writes"
REGISTERED_UNUSED,,asus_nvram_commit,0xbd2c,NO,NO,NVRAM,conditional nvram_commit,NO identified,NO identified,NO identified,,"reviewed normal control flow; indirect/external implementation not exhaustive; paths are references, not automatically writes"
REGISTERED_UNUSED,,notify_services,0xbef8,NO system identified,notify_rc dispatch,NVRAM restart state,nvram_commit; temporary state,reboot; Wi-Fi service notifications,NO dedicated composition switch,NO identified,,"reviewed normal control flow; indirect/external implementation not exhaustive; paths are references, not automatically writes"
Advanced_FirmwareUpgrade_Content.asp,,login_state_hook,0x9d8c,NO identified,NO identified,NVRAM or handler literals (see CSV),NO identified device write; response I/O excluded,NO identified,NO identified,NO identified,,"reviewed normal control flow; indirect/external implementation not exhaustive; paths are references, not automatically writes"
Advanced_MACFilter_Content.asp,,login_state_hook,0x9d8c,NO identified,NO identified,NVRAM or handler literals (see CSV),NO identified device write; response I/O excluded,NO identified,NO identified,NO identified,,"reviewed normal control flow; indirect/external implementation not exhaustive; paths are references, not automatically writes"
Advanced_Modify3726_Imei.asp,,login_state_hook,0x9d8c,NO identified,NO identified,NVRAM or handler literals (see CSV),NO identified device write; response I/O excluded,NO identified,NO identified,NO identified,,"reviewed normal control flow; indirect/external implementation not exhaustive; paths are references, not automatically writes"
Advanced_NMS_Content.asp,,login_state_hook,0x9d8c,NO identified,NO identified,NVRAM or handler literals (see CSV),NO identified device write; response I/O excluded,NO identified,NO identified,NO identified,,"reviewed normal control flow; indirect/external implementation not exhaustive; paths are references, not automatically writes"
Advanced_SettingBackup_Content.asp,,login_state_hook,0x9d8c,NO identified,NO identified,NVRAM or handler literals (see CSV),NO identified device write; response I/O excluded,NO identified,NO identified,NO identified,,"reviewed normal control flow; indirect/external implementation not exhaustive; paths are references, not automatically writes"
Advanced_Settings_Band.asp,,login_state_hook,0x9d8c,NO identified,NO identified,NVRAM or handler literals (see CSV),NO identified device write; response I/O excluded,NO identified,NO identified,NO identified,,"reviewed normal control flow; indirect/external implementation not exhaustive; paths are references, not automatically writes"
Advanced_Settings_Content.asp,,login_state_hook,0x9d8c,NO identified,NO identified,NVRAM or handler literals (see CSV),NO identified device write; response I/O excluded,NO identified,NO identified,NO identified,,"reviewed normal control flow; indirect/external implementation not exhaustive; paths are references, not automatically writes"
Advanced_System_Content.asp,,login_state_hook,0x9d8c,NO identified,NO identified,NVRAM or handler literals (see CSV),NO identified device write; response I/O excluded,NO identified,NO identified,NO identified,,"reviewed normal control flow; indirect/external implementation not exhaustive; paths are references, not automatically writes"
Advanced_VirtualServer_Content.asp,,login_state_hook,0x9d8c,NO identified,NO identified,NVRAM or handler literals (see CSV),NO identified device write; response I/O excluded,NO identified,NO identified,NO identified,,"reviewed normal control flow; indirect/external implementation not exhaustive; paths are references, not automatically writes"
Advanced_WAN_Content.asp,,login_state_hook,0x9d8c,NO identified,NO identified,NVRAM or handler literals (see CSV),NO identified device write; response I/O excluded,NO identified,NO identified,NO identified,,"reviewed normal control flow; indirect/external implementation not exhaustive; paths are references, not automatically writes"
Nologin.asp,,login_state_hook,0x9d8c,NO identified,NO identified,NVRAM or handler literals (see CSV),NO identified device write; response I/O excluded,NO identified,NO identified,NO identified,,"reviewed normal control flow; indirect/external implementation not exhaustive; paths are references, not automatically writes"
device-map/internet.asp,,wanlink,0xa700,NO identified,NO identified,NVRAM or handler literals (see CSV),NO identified device write; response I/O excluded,NO identified,NO identified,NO identified,,"reviewed normal control flow; indirect/external implementation not exhaustive; paths are references, not automatically writes"
device-map/intranet.asp,,wanlink,0xa700,NO identified,NO identified,NVRAM or handler literals (see CSV),NO identified device write; response I/O excluded,NO identified,NO identified,NO identified,,"reviewed normal control flow; indirect/external implementation not exhaustive; paths are references, not automatically writes"
device-map/system.asp,,wanlink,0xa700,NO identified,NO identified,NVRAM or handler literals (see CSV),NO identified device write; response I/O excluded,NO identified,NO identified,NO identified,,"reviewed normal control flow; indirect/external implementation not exhaustive; paths are references, not automatically writes"
statistic.asp,,wanlink,0xa700,NO identified,NO identified,NVRAM or handler literals (see CSV),NO identified device write; response I/O excluded,NO identified,NO identified,NO identified,,"reviewed normal control flow; indirect/external implementation not exhaustive; paths are references, not automatically writes"
status_internet.asp,,wanlink,0xa700,NO identified,NO identified,NVRAM or handler literals (see CSV),NO identified device write; response I/O excluded,NO identified,NO identified,NO identified,,"reviewed normal control flow; indirect/external implementation not exhaustive; paths are references, not automatically writes"
status_wanlink.asp,,wanlink,0xa700,NO identified,NO identified,NVRAM or handler literals (see CSV),NO identified device write; response I/O excluded,NO identified,NO identified,NO identified,,"reviewed normal control flow; indirect/external implementation not exhaustive; paths are references, not automatically writes"
status_lanlink.asp,,lanlink,0x8c04,NO identified,NO identified,NVRAM or handler literals (see CSV),NO identified device write; response I/O excluded,NO identified,NO identified,NO identified,,"reviewed normal control flow; indirect/external implementation not exhaustive; paths are references, not automatically writes"
device-map/wan_action.asp,,wan_action,0x960c,NO system identified,notify_rc WAN action,CGI/NVRAM,service notification,WAN connect/disconnect,network action can interrupt connectivity,NO identified,,"reviewed normal control flow; indirect/external implementation not exhaustive; paths are references, not automatically writes"
REGISTERED_UNUSED,,nf_values,0x9188,NO identified,NO identified,NVRAM or handler literals (see CSV),NO identified device write; response I/O excluded,NO identified,NO identified,NO identified,/proc/sys/net/netfilter/nf_conntrack_count,"reviewed normal control flow; indirect/external implementation not exhaustive; paths are references, not automatically writes"
index.asp,"""flag""",get_parameter,0x8ba8,NO identified,NO identified,NVRAM or handler literals (see CSV),NO identified device write; response I/O excluded,NO identified,NO identified,NO identified,,"reviewed normal control flow; indirect/external implementation not exhaustive; paths are references, not automatically writes"
Restarting.asp,"""action_mode""",get_parameter,0x8ba8,NO identified,NO identified,NVRAM or handler literals (see CSV),NO identified device write; response I/O excluded,NO identified,NO identified,NO identified,,"reviewed normal control flow; indirect/external implementation not exhaustive; paths are references, not automatically writes"
Advanced_IPFiltering.asp,"""FirewallConfig"", ""IFList""",get_nvram_list,0x9c10,NO identified,NO identified,NVRAM or handler literals (see CSV),NO identified device write; response I/O excluded,NO identified,NO identified,NO identified,,"reviewed normal control flow; indirect/external implementation not exhaustive; paths are references, not automatically writes"
Advanced_LAN_Content.asp,"""LANHostConfig"", ""ManualDHCPList""",get_nvram_list,0x9c10,NO identified,NO identified,NVRAM or handler literals (see CSV),NO identified device write; response I/O excluded,NO identified,NO identified,NO identified,,"reviewed normal control flow; indirect/external implementation not exhaustive; paths are references, not automatically writes"
Advanced_MACFilter_Content.asp,"""FirewallConfig"", ""MFList""",get_nvram_list,0x9c10,NO identified,NO identified,NVRAM or handler literals (see CSV),NO identified device write; response I/O excluded,NO identified,NO identified,NO identified,,"reviewed normal control flow; indirect/external implementation not exhaustive; paths are references, not automatically writes"
Advanced_PortFiltering.asp,"""FirewallConfig"", ""PortList""",get_nvram_list,0x9c10,NO identified,NO identified,NVRAM or handler literals (see CSV),NO identified device write; response I/O excluded,NO identified,NO identified,NO identified,,"reviewed normal control flow; indirect/external implementation not exhaustive; paths are references, not automatically writes"
Advanced_VirtualServer_Content.asp,"""IPConnection"", ""VSList""",get_nvram_list,0x9c10,NO identified,NO identified,NVRAM or handler literals (see CSV),NO identified device write; response I/O excluded,NO identified,NO identified,NO identified,,"reviewed normal control flow; indirect/external implementation not exhaustive; paths are references, not automatically writes"
device-map/clients.asp,"""FirewallConfig"", ""MFList"" | ""LANHostConfig"", ""ManualDHCPList""",get_nvram_list,0x9c10,NO identified,NO identified,NVRAM or handler literals (see CSV),NO identified device write; response I/O excluded,NO identified,NO identified,NO identified,,"reviewed normal control flow; indirect/external implementation not exhaustive; paths are references, not automatically writes"
REGISTERED_UNUSED,,get_flash_time,0x8a70,NO identified,NO identified,NVRAM or handler literals (see CSV),NO identified device write; response I/O excluded,NO identified,NO identified,NO identified,,"reviewed normal control flow; indirect/external implementation not exhaustive; paths are references, not automatically writes"
Advanced_Exposed_Content.asp,,get_static_client,0xb1b4,YES,ubus router_daemon get_user_list,/tmp/static_ip.inf,generated temporary client list; locks,NO identified,NO identified,NO identified,/tmp/static_ip.inf,"reviewed normal control flow; indirect/external implementation not exhaustive; paths are references, not automatically writes"
Advanced_LAN_Content.asp,,get_static_client,0xb1b4,YES,ubus router_daemon get_user_list,/tmp/static_ip.inf,generated temporary client list; locks,NO identified,NO identified,NO identified,/tmp/static_ip.inf,"reviewed normal control flow; indirect/external implementation not exhaustive; paths are references, not automatically writes"
Advanced_MACFilter_Content.asp,,get_static_client,0xb1b4,YES,ubus router_daemon get_user_list,/tmp/static_ip.inf,generated temporary client list; locks,NO identified,NO identified,NO identified,/tmp/static_ip.inf,"reviewed normal control flow; indirect/external implementation not exhaustive; paths are references, not automatically writes"
Advanced_URLFilter_Content.asp,,get_static_client,0xb1b4,YES,ubus router_daemon get_user_list,/tmp/static_ip.inf,generated temporary client list; locks,NO identified,NO identified,NO identified,/tmp/static_ip.inf,"reviewed normal control flow; indirect/external implementation not exhaustive; paths are references, not automatically writes"
Advanced_VirtualServer_Content.asp,,get_static_client,0xb1b4,YES,ubus router_daemon get_user_list,/tmp/static_ip.inf,generated temporary client list; locks,NO identified,NO identified,NO identified,/tmp/static_ip.inf,"reviewed normal control flow; indirect/external implementation not exhaustive; paths are references, not automatically writes"
device-map/clients.asp,,get_static_client,0xb1b4,YES,ubus router_daemon get_user_list,/tmp/static_ip.inf,generated temporary client list; locks,NO identified,NO identified,NO identified,/tmp/static_ip.inf,"reviewed normal control flow; indirect/external implementation not exhaustive; paths are references, not automatically writes"
lan_clients.asp,,get_static_client,0xb1b4,YES,ubus router_daemon get_user_list,/tmp/static_ip.inf,generated temporary client list; locks,NO identified,NO identified,NO identified,/tmp/static_ip.inf,"reviewed normal control flow; indirect/external implementation not exhaustive; paths are references, not automatically writes"
index.asp,,get_static_ccount,0x9b68,YES,ubus router_daemon get_user_list,/tmp/static_ip.num,generated temporary client count; locks,NO identified,NO identified,NO identified,/tmp/static_ip.num,"reviewed normal control flow; indirect/external implementation not exhaustive; paths are references, not automatically writes"
REGISTERED_UNUSED,,get_vpns_client,0x9a9c,NO identified,NO identified,NVRAM or handler literals (see CSV),NO identified device write; response I/O excluded,NO identified,NO identified,NO identified,/tmp/vpns.leases,"reviewed normal control flow; indirect/external implementation not exhaustive; paths are references, not automatically writes"
Advanced_Exposed_Content.asp,,wl_auth_list,NULL,UNRESOLVED NULL entry,UNKNOWN,UNKNOWN,UNKNOWN,UNKNOWN,UNKNOWN,UNKNOWN,,raw table NULL; no relocation supplying a handler; do not assume callable
Advanced_LAN_Content.asp,,wl_auth_list,NULL,UNRESOLVED NULL entry,UNKNOWN,UNKNOWN,UNKNOWN,UNKNOWN,UNKNOWN,UNKNOWN,,raw table NULL; no relocation supplying a handler; do not assume callable
Advanced_MACFilter_Content.asp,,wl_auth_list,NULL,UNRESOLVED NULL entry,UNKNOWN,UNKNOWN,UNKNOWN,UNKNOWN,UNKNOWN,UNKNOWN,,raw table NULL; no relocation supplying a handler; do not assume callable
Advanced_URLFilter_Content.asp,,wl_auth_list,NULL,UNRESOLVED NULL entry,UNKNOWN,UNKNOWN,UNKNOWN,UNKNOWN,UNKNOWN,UNKNOWN,,raw table NULL; no relocation supplying a handler; do not assume callable
Advanced_VirtualServer_Content.asp,,wl_auth_list,NULL,UNRESOLVED NULL entry,UNKNOWN,UNKNOWN,UNKNOWN,UNKNOWN,UNKNOWN,UNKNOWN,,raw table NULL; no relocation supplying a handler; do not assume callable
device-map/clients.asp,,wl_auth_list,NULL,UNRESOLVED NULL entry,UNKNOWN,UNKNOWN,UNKNOWN,UNKNOWN,UNKNOWN,UNKNOWN,,raw table NULL; no relocation supplying a handler; do not assume callable
wds_aplist.asp,,wl_scan_5g,0x86f0,NO identified,NO identified,NVRAM or handler literals (see CSV),NO identified device write; response I/O excluded,NO identified,NO identified,NO identified,,"reviewed normal control flow; indirect/external implementation not exhaustive; paths are references, not automatically writes"
REGISTERED_UNUSED,,wl_bssid_5g,0xb9b0,NO identified,NO identified,NVRAM or handler literals (see CSV),NO identified device write; response I/O excluded,NO identified,NO identified,NO identified,,"reviewed normal control flow; indirect/external implementation not exhaustive; paths are references, not automatically writes"
REGISTERED_UNUSED,,wl_bssid_2g,NULL,UNRESOLVED NULL entry,UNKNOWN,UNKNOWN,UNKNOWN,UNKNOWN,UNKNOWN,UNKNOWN,,raw table NULL; no relocation supplying a handler; do not assume callable
wds_aplist_2g.asp,,wl_scan_2g,NULL,UNRESOLVED NULL entry,UNKNOWN,UNKNOWN,UNKNOWN,UNKNOWN,UNKNOWN,UNKNOWN,,raw table NULL; no relocation supplying a handler; do not assume callable
Advanced_System_Content.asp,,shown_language_option,0x86f4,NO identified,NO identified,NVRAM or handler literals (see CSV),NO identified device write; response I/O excluded,NO identified,NO identified,NO identified,,"reviewed normal control flow; indirect/external implementation not exhaustive; paths are references, not automatically writes"
REGISTERED_UNUSED,,hardware_pins,0x8a34,NO identified,NO identified,NVRAM or handler literals (see CSV),NO identified device write; response I/O excluded,NO identified,NO identified,NO identified,,"reviewed normal control flow; indirect/external implementation not exhaustive; paths are references, not automatically writes"
status_internet.asp,,detect_internet,0x8e24,NO system identified,kill_pidfile_s,/var/run/detect_internet.pid,signals detector process; not pure read,detect_internet process signal,NO identified,NO identified,/var/run/detect_internet.pid,"reviewed normal control flow; indirect/external implementation not exhaustive; paths are references, not automatically writes"
log_content.asp,,dump_syslog,0x9a28,NO identified,NO identified,NVRAM or handler literals (see CSV),NO identified device write; response I/O excluded,NO identified,NO identified,NO identified,/var/volatile/log/messages,"reviewed normal control flow; indirect/external implementation not exhaustive; paths are references, not automatically writes"
status_eth_mib.asp,,dump_eth_mib,0x953c,NO identified,NO identified,NVRAM or handler literals (see CSV),NO identified device write; response I/O excluded,NO identified,NO identified,NO identified,,"reviewed normal control flow; indirect/external implementation not exhaustive; paths are references, not automatically writes"
index.asp,,get_usb_ports_info,0x89b4,NO identified,NO identified,NVRAM or handler literals (see CSV),NO identified device write; response I/O excluded,NO identified,NO identified,NO identified,,"reviewed normal control flow; indirect/external implementation not exhaustive; paths are references, not automatically writes"
index.asp,,get_ext_ports_info,0x897c,NO identified,NO identified,NVRAM or handler literals (see CSV),NO identified device write; response I/O excluded,NO identified,NO identified,NO identified,,"reviewed normal control flow; indirect/external implementation not exhaustive; paths are references, not automatically writes"
index.asp,,disk_pool_mapping_info,0x9a10,NO identified,NO identified,NVRAM or handler literals (see CSV),NO identified device write; response I/O excluded,NO identified,NO identified,NO identified,,"reviewed normal control flow; indirect/external implementation not exhaustive; paths are references, not automatically writes"
index.asp,,available_disk_names_and_sizes,0x99e8,NO identified,NO identified,NVRAM or handler literals (see CSV),NO identified device write; response I/O excluded,NO identified,NO identified,NO identified,,"reviewed normal control flow; indirect/external implementation not exhaustive; paths are references, not automatically writes"
REGISTERED_UNUSED,,openssl_util_hook,0x8b64,NO identified,NO identified,NVRAM or handler literals (see CSV),NO identified device write; response I/O excluded,NO identified,NO identified,NO identified,/opt/bin/openssl;/usr/bin/openssl,"reviewed normal control flow; indirect/external implementation not exhaustive; paths are references, not automatically writes"
REGISTERED_UNUSED,,openvpn_srv_cert_hook,0x895c,NO identified,NO identified,NVRAM or handler literals (see CSV),NO identified device write; response I/O excluded,NO identified,NO identified,NO identified,,"reviewed normal control flow; indirect/external implementation not exhaustive; paths are references, not automatically writes"
REGISTERED_UNUSED,,openvpn_cli_cert_hook,0x893c,NO identified,NO identified,NVRAM or handler literals (see CSV),NO identified device write; response I/O excluded,NO identified,NO identified,NO identified,,"reviewed normal control flow; indirect/external implementation not exhaustive; paths are references, not automatically writes"
serialno.asp,,get_serialno,0x9558,NO,NO,/proc/cmdline,NO device write; HTTP output only,NO,NO,serial source viewer; does not authorize,/proc/cmdline,"reviewed normal control flow; indirect/external implementation not exhaustive; paths are references, not automatically writes"
login_err.asp,,login_lock_info,0x78c8,NO identified,NO identified,NVRAM or handler literals (see CSV),NO identified device write; response I/O excluded,NO identified,NO identified,NO identified,,"reviewed normal control flow; indirect/external implementation not exhaustive; paths are references, not automatically writes"
Advanced_Settings_Band.asp,,get_band_info,0x96e8,YES; popen AT query,AT band query command,NVRAM and modem response,temporary band NVRAM,NO identified,NO identified,NO identified,,"reviewed normal control flow; indirect/external implementation not exhaustive; paths are references, not automatically writes"
restart_adbd.asp,,restart_adbd,0x8bd8,system at 0x8be0,/etc/launch_adbd via systemd,adbd.service; usb.service; optional /etc/default/adbd,iSerial; conditional adb_devid; dependency writes conditional,adbd.service,serial metadata; USB initialization only if dependency inactive,restarts daemon; does not set authorization flag,,"reviewed normal control flow; indirect/external implementation not exhaustive; paths are references, not automatically writes"
sms_in.asp,0,get_sms,0x9940,NO identified,NO identified,NVRAM or handler literals (see CSV),NO identified device write; response I/O excluded,NO identified,NO identified,NO identified,,"reviewed normal control flow; indirect/external implementation not exhaustive; paths are references, not automatically writes"
sms_out.asp,1,get_sms,0x9940,NO identified,NO identified,NVRAM or handler literals (see CSV),NO identified device write; response I/O excluded,NO identified,NO identified,NO identified,,"reviewed normal control flow; indirect/external implementation not exhaustive; paths are references, not automatically writes"
smsInbox.asp,0,get_sms,0x9940,NO identified,NO identified,NVRAM or handler literals (see CSV),NO identified device write; response I/O excluded,NO identified,NO identified,NO identified,,"reviewed normal control flow; indirect/external implementation not exhaustive; paths are references, not automatically writes"
smsNotSendbox.asp,2,get_sms,0x9940,NO identified,NO identified,NVRAM or handler literals (see CSV),NO identified device write; response I/O excluded,NO identified,NO identified,NO identified,,"reviewed normal control flow; indirect/external implementation not exhaustive; paths are references, not automatically writes"
smsOutbox.asp,1,get_sms,0x9940,NO identified,NO identified,NVRAM or handler literals (see CSV),NO identified device write; response I/O excluded,NO identified,NO identified,NO identified,,"reviewed normal control flow; indirect/external implementation not exhaustive; paths are references, not automatically writes"
Logout.asp,,NO_ASP_CALL,N/A,N/A,N/A,N/A,N/A,N/A,N/A,N/A,,no server-side ASP call in file; browser scripts/forms may have actions
UpdateError.asp,,NO_ASP_CALL,N/A,N/A,N/A,N/A,N/A,N/A,N/A,N/A,,no server-side ASP call in file; browser scripts/forms may have actions
Updating.asp,,NO_ASP_CALL,N/A,N/A,N/A,N/A,N/A,N/A,N/A,N/A,,no server-side ASP call in file; browser scripts/forms may have actions
UploadDone.asp,,NO_ASP_CALL,N/A,N/A,N/A,N/A,N/A,N/A,N/A,N/A,,no server-side ASP call in file; browser scripts/forms may have actions
UploadError.asp,,NO_ASP_CALL,N/A,N/A,N/A,N/A,N/A,N/A,N/A,N/A,,no server-side ASP call in file; browser scripts/forms may have actions
Uploading.asp,,NO_ASP_CALL,N/A,N/A,N/A,N/A,N/A,N/A,N/A,N/A,,no server-side ASP call in file; browser scripts/forms may have actions
