PID,Description,sdxprairie_support,configfs_function_references,sdxprairie_functions,ADB,RNDIS,ECM,DIAG,adbd_kill_in_configfs,Note,script_sha256
9001,DIAG + NMEA + DUN + RMNET,YES,cser.dun.0 | cser.nmea.1 | diag.diag | ffs.diag | gser.0 | gsi.rmnet,cser.dun.0 | cser.nmea.1 | diag.diag | ffs.diag | gser.0 | gsi.rmnet,NO,NO,NO,YES,YES,Explicit sdxprairie configfs branch; union of configurations/conditions,3d7c83ccae4b13ddf950e19f3c0a887122a0ecbfa234f6d90f6fab32d8624c29
9008,QDLOADER,NO,mdm_data.edl,N/A,N/A,N/A,N/A,N/A,YES,Target falls through to unsupported message,98ddaefd310be4d85b9c64228770759cbbaba57ea9552c5607898b9ab9680788
900E,DIAG,NO,mdm_data.ramdump,N/A,N/A,N/A,N/A,N/A,YES,Target falls through to unsupported message,31c41146bf13c005ca82979a189698c00cdbb8ed13a762c877b0dca20bf1e917
901C,DIAG + UAC2,NO,diag.diag | ffs.diag | uac2.0,N/A,N/A,N/A,N/A,N/A,YES,Target falls through to unsupported message,a1a78ef3190469a132816463c53bc4bc93399d9891f57b81dabe724ad6028dfa
901D,DIAG + ADB,YES,diag.diag | ffs.adb | ffs.diag,diag.diag | ffs.adb | ffs.diag,YES,NO,NO,YES,YES,Generic branch: configfs if legacy enable node absent; both branches provide DIAG+ADB,2f15895c0b8e4f15b0b4f2516cb51ea0a0d16c6863326c6f85dfc0472df63682
901F,DIAG + ADB + DUN,YES,cser.dun.0 | diag.diag | ffs.adb | ffs.diag | gser.0,cser.dun.0 | diag.diag | ffs.adb | ffs.diag | gser.0,YES,NO,NO,YES,YES,Explicit sdxprairie configfs branch; union of configurations/conditions,89ca7584efd505464c89b6aee3210c6b514f272103206312a1061568207002bd
9021,DIAG + QMI_RMNET (Android),YES,diag.diag | ffs.diag | gsi.rmnet,diag.diag | ffs.diag | gsi.rmnet,NO,NO,NO,YES,YES,Explicit sdxprairie configfs branch; union of configurations/conditions,a03675d249fd3024025dbd4562548f24bfb71381ed5adf555dd7d06419103de9
9022,DIAG + ADB + QMI_RMNET (Android),YES,diag.diag | ffs.adb | ffs.diag | gsi.rmnet,diag.diag | ffs.adb | ffs.diag | gsi.rmnet,YES,NO,NO,YES,YES,Explicit sdxprairie configfs branch; union of configurations/conditions,c4015ee17230e9ece15a89dec1a510cc44a8508977689b366b3b09c35b84f54a
9024,RNDIS + ADB [Android],YES,ffs.adb | gsi.rndis,ffs.adb | gsi.rndis,YES,YES,NO,NO,YES,Explicit sdxprairie configfs branch; union of configurations/conditions,1c6cce457cbcb7f0b9887ef7ee9d1574d7427ab70f1b19e675cd85e61348d0fe
9025,DIAG + ADB + MODEM + NMEA + QMI_RMNET + Mass Storage (Android),YES,$2.rmnet | cser.dun.0 | cser.nmea.1 | diag.diag | ffs.adb | ffs.diag | gser.0 | mass_storage.0,gsi.rmnet | cser.dun.0 | cser.nmea.1 | diag.diag | ffs.adb | ffs.diag | gser.0 | mass_storage.0,YES,NO,NO,YES,YES,Explicit sdxprairie configfs branch; union of configurations/conditions,fdc132eba5c2cb2344668315ac827940df19eadb80e37eda7cd6dc50c45befea
902B,RNDIS + ADB + Mass Storage,YES,ffs.adb | gsi.rndis | mass_storage.0,ffs.adb | gsi.rndis | mass_storage.0,YES,YES,NO,NO,YES,Explicit sdxprairie configfs branch; union of configurations/conditions,8983c9819f64efde3ee04866e1d711f8e560f7369e414161b9017bd76e4d755f
902D,RNDIS + DIAG + ADB [Android],YES,diag.diag | ffs.adb | ffs.diag | gsi.rndis,diag.diag | ffs.adb | ffs.diag | gsi.rndis,YES,YES,NO,YES,YES,Explicit sdxprairie configfs branch; union of configurations/conditions,b9384d1637301ba4692048c15f01b2929167a475d04e9cfba3d011ee56cef697
9039,MTP + ADB(Android),NO,,N/A,N/A,N/A,N/A,N/A,NO,Target falls through to unsupported message,280463c3783a54f49ce85b2b6d0a3fda73a78bd5f8611a490f993dddbc83daf5
9049,DIAG + ADB + DUN + RMNET + Mass Storage + QDSS [Android],YES,cser.dun.0 | diag.diag | ffs.adb | ffs.diag | gsi.rmnet | mass_storage.0 | qdss.qdss | qdss.qdss/enable_debug_inface,cser.dun.0 | diag.diag | ffs.adb | ffs.diag | gsi.rmnet | mass_storage.0 | qdss.qdss | qdss.qdss/enable_debug_inface,YES,NO,NO,YES,YES,Explicit sdxprairie configfs branch; union of configurations/conditions,3992f7ba6ff3f37fe4795bb208055fda56845791ec64a221a0da922e31a2a604
904A,DIAG + QDSS [Android],YES,diag.diag | ffs.diag | qdss.qdss | qdss.qdss/enable_debug_inface,diag.diag | ffs.diag | qdss.qdss | qdss.qdss/enable_debug_inface,NO,NO,NO,YES,YES,Explicit sdxprairie configfs branch; union of configurations/conditions,1955480f7f314d2c5bcb98be1e34ed2801e6b3d27a6e4d16f8c36b3ab9ada3ef
9056,DIAG + ADB + SERIAL + RMNET + Mass Storage + Audio [Android],YES,cser.dun.0 | diag.diag | ffs.adb | ffs.diag | gsi.rmnet | mass_storage.0 | uac1.uac1,cser.dun.0 | diag.diag | ffs.adb | ffs.diag | gsi.rmnet | mass_storage.0 | uac1.uac1,YES,NO,NO,YES,YES,Explicit sdxprairie configfs branch; union of configurations/conditions,f9f6bfbff49083153d3915cbe4483f9c506c1e125ee37f06c34a4f89a5a1ab7f
9057,RNDIS : ECM,YES,gsi.ecm | gsi.rndis,gsi.ecm | gsi.rndis,NO,YES,YES,NO,YES,Explicit sdxprairie configfs branch; union of configurations/conditions,9af44d198eda8ee598574ea3d05bc6ee5a9f996a8ef4a23a7ec6037ffd8afdd2
9059,DIAG+ADB+RNDIS : ECM,YES,diag.diag | ffs.adb | ffs.diag | gsi.ecm | gsi.rndis,diag.diag | ffs.adb | ffs.diag | gsi.ecm | gsi.rndis,YES,YES,YES,YES,YES,Explicit sdxprairie configfs branch; union of configurations/conditions,b8f16c727b39092b4ff5fe18b42a34d40328d10482e1491748773f3b8d7985ee
905B,MBIM,YES,gsi.mbim,gsi.mbim,NO,NO,NO,NO,YES,Explicit sdxprairie configfs branch; union of configurations/conditions,9e0bbd20349b98ab99bcaa5bc3de00560582c33ae52aa6bd49673a478f278f32
9060,DIAG + QDSS + ADB,YES,diag.diag | ffs.adb | ffs.diag | qdss.qdss | qdss.qdss/enable_debug_inface,diag.diag | ffs.adb | ffs.diag | qdss.qdss | qdss.qdss/enable_debug_inface,YES,NO,NO,YES,YES,Explicit sdxprairie configfs branch; union of configurations/conditions,39541b4bd164a12024dbe2250fcf65f7718fb85c003b20219ee9ad77a8210dde
9063,RNDIS : ECM : MBIM,YES,gsi.ecm | gsi.mbim | gsi.mbim/os_desc/interface.MBIM/compatible_id | gsi.mbim/os_desc/interface.MBIM/sub_compatible_id | gsi.rndis,gsi.ecm | gsi.mbim | gsi.mbim/os_desc/interface.MBIM/compatible_id | gsi.mbim/os_desc/interface.MBIM/sub_compatible_id | gsi.rndis,NO,YES,YES,NO,YES,Explicit sdxprairie configfs branch; union of configurations/conditions,a11926a730b7d02e2261270cccc0192f17fb02909c5b2bf731940a073092f463
9064,DIAG + ADB + MODEM + QMI_RMNET : ECM : MBIM,YES,cser.dun.0 | diag.diag | ffs.adb | ffs.diag | gsi.ecm | gsi.mbim | gsi.mbim/os_desc/interface.MBIM/compatible_id | gsi.mbim/os_desc/interface.MBIM/sub_compatible_id | gsi.rmnet,cser.dun.0 | diag.diag | ffs.adb | ffs.diag | gsi.ecm | gsi.mbim | gsi.mbim/os_desc/interface.MBIM/compatible_id | gsi.mbim/os_desc/interface.MBIM/sub_compatible_id | gsi.rmnet,YES,NO,YES,YES,YES,Explicit sdxprairie configfs branch; union of configurations/conditions,6717a434bc37c24b006d052373777edf4396db377f592c0ba369bc1a5aca1227
9067,Mass storage + QMI_RMNET : Mass Storage + MBIM,YES,gsi.mbim | gsi.mbim/os_desc/interface.MBIM/compatible_id | gsi.mbim/os_desc/interface.MBIM/sub_compatible_id | gsi.rmnet | mass_storage.0 | mass_storage.1,gsi.mbim | gsi.mbim/os_desc/interface.MBIM/compatible_id | gsi.mbim/os_desc/interface.MBIM/sub_compatible_id | gsi.rmnet | mass_storage.0 | mass_storage.1,NO,NO,NO,NO,YES,Explicit sdxprairie configfs branch; union of configurations/conditions,86a5ad7cfaee6f46886086179b0c450970a22b79ade6ed6d52dc085b1e4c843e
9084,DIAG + QDSS + ADB + RMNET,YES,diag.diag | ffs.adb | ffs.diag | gsi.rmnet | qdss.qdss | qdss.qdss/enable_debug_inface,diag.diag | ffs.adb | ffs.diag | gsi.rmnet | qdss.qdss | qdss.qdss/enable_debug_inface,YES,NO,NO,YES,YES,Explicit sdxprairie configfs branch; union of configurations/conditions,6792f33d84219790be5fd701c867f174c38bae06d2f5c79bbf63b8c8a15580ac
9085,DIAG+ADB+MBIM+GNSS,YES,diag.diag | ffs.adb | ffs.diag | gsi.gps | gsi.mbim,diag.diag | ffs.adb | ffs.diag | gsi.gps | gsi.mbim,YES,NO,NO,YES,YES,Explicit sdxprairie configfs branch; union of configurations/conditions,1daca3ca26f7e10e3dd12bef348d831a7e72cad7b900d6e231a7ef13e7099632
9091,DIAG + MODEM + QMI_RMNET + ADB,YES,cser.dun.0 | diag.diag | ffs.adb | ffs.diag | gsi.rmnet,cser.dun.0 | diag.diag | ffs.adb | ffs.diag | gsi.rmnet,YES,NO,NO,YES,YES,Explicit sdxprairie configfs branch; union of configurations/conditions,a3d3edcfd214acdf7503af1999fc73c60fbf5df2a193b48bc0a595e7b0e80efd
90A1,DIAG + ADB + (multiplexed) QMI_RMNET (Android),YES,diag.diag | ffs.adb | ffs.diag | gsi.rmnet,diag.diag | ffs.adb | ffs.diag | gsi.rmnet,YES,NO,NO,YES,YES,Explicit sdxprairie configfs branch; union of configurations/conditions,7e202ef9055a20925a774786e4d325db8469dea62328f124e8b60c1050c3de65
90A9,DIAG + ADB + MODEM + NMEA + QDSS (bulk in) + RMNET : ECM : MBIM,YES,cser.dun.0 | cser.nmea.1 | diag.diag | ffs.adb | ffs.diag | gsi.ecm | gsi.mbim | gsi.mbim/os_desc/interface.MBIM/compatible_id | gsi.mbim/os_desc/interface.MBIM/sub_compatible_id | gsi.rmnet | qdss.qdss,cser.dun.0 | cser.nmea.1 | diag.diag | ffs.adb | ffs.diag | gsi.ecm | gsi.mbim | gsi.mbim/os_desc/interface.MBIM/compatible_id | gsi.mbim/os_desc/interface.MBIM/sub_compatible_id | gsi.rmnet | qdss.qdss,YES,NO,YES,YES,YES,Explicit sdxprairie configfs branch; union of configurations/conditions,c97df89db9b5a54a0a58a2aeca363b292ca3ffdccd60848f137670b78c78ae44
90AD,DIAG + ADB + MODEM + NMEA + QMI_RMNET + Mass Storage + DPL,YES,cser.dun.0 | cser.nmea.1 | diag.diag | ffs.adb | ffs.diag | gsi.dpl | gsi.rmnet | mass_storage.0,cser.dun.0 | cser.nmea.1 | diag.diag | ffs.adb | ffs.diag | gsi.dpl | gsi.rmnet | mass_storage.0,YES,NO,NO,YES,YES,Explicit sdxprairie configfs branch; union of configurations/conditions,c795c70d2764ce72255d6bc06243859c9665eb16ec25a7441b2009b6d5cee5f8
90B0,DIAG + DUN + NMEA + RMNET + Mass Storage + DPL,NO,,N/A,N/A,N/A,N/A,N/A,NO,Target falls through to unsupported message,e964da47cbdb89556a776378032981323b0141e112b5fee547dc974ca694cf08
90B1,ECM,YES,gsi.ecm,gsi.ecm,NO,NO,YES,NO,YES,Explicit sdxprairie configfs branch; union of configurations/conditions,bd278ac74026a6bb523f7949da864d342f8b6689c6e3753c21a8c8332f52d0f1
90B8,DIAG + DUN + RMNET + DPL + ADB,YES,cser.dun.0 | diag.diag | ffs.adb | ffs.diag | gser.0 | gsi.dpl | gsi.rmnet,cser.dun.0 | diag.diag | ffs.adb | ffs.diag | gser.0 | gsi.dpl | gsi.rmnet,YES,NO,NO,YES,YES,Explicit sdxprairie configfs branch; union of configurations/conditions,2d2990991615cd195cb4fa665b51034096bd44746226ca7fc5d519825e44aba6
90C0,RNDIS + DIAG + DPL + ADB (Android),YES,diag.diag | ffs.adb | ffs.diag | gsi.dpl | gsi.rndis,diag.diag | ffs.adb | ffs.diag | gsi.dpl | gsi.rndis,YES,YES,NO,YES,YES,Explicit sdxprairie configfs branch; union of configurations/conditions,77d3bc5b612edc1a6ddf65207ad5d3105088889018985ea9aa136ecc63648763
90CA,DIAG + ADB + UAC2,UNKNOWN,diag.diag | ffs.adb | ffs.diag | uac2.0,UNKNOWN,UNKNOWN,UNKNOWN,UNKNOWN,UNKNOWN,YES,No explicit sdxprairie branch; fallback requires manual review,14d32ef55a3c323787c86935a7964a6a1af30431ee516bf69a1cbdfab1424789
90CB,DIAG + ADB + UVC,NO,diag.diag | ffs.adb | ffs.diag | uvc.0,N/A,N/A,N/A,N/A,N/A,YES,Target falls through to unsupported message,385d36eb6baf32b8bb7bb2b5cb46da2eb4317e3b13cfa004dc4e719e780b1445
90CC,DIAG + ADB + UAC2 + UVC,NO,diag.diag | ffs.adb | ffs.diag | uac2.0 | uvc.0,N/A,N/A,N/A,N/A,N/A,YES,Target falls through to unsupported message,4978821854cfe3cee7d07e2cd39ad5bcec9cae658c496a957824e6b7ee1df5e5
90CD,DIAG + ADB + GNSS,YES,diag.diag | ffs.adb | ffs.diag | gsi.gps,diag.diag | ffs.adb | ffs.diag | gsi.gps,YES,NO,NO,YES,YES,Explicit sdxprairie configfs branch; union of configurations/conditions,9a89df1b0a7a2621054ccdd7bb683005c77047344795f79481477aed801d6f00
90D5,DIAG + ADB + MBIM + GNSS + DUN,YES,cser.dun.0 | diag.diag | ffs.adb | ffs.diag | gsi.gps | gsi.mbim,cser.dun.0 | diag.diag | ffs.adb | ffs.diag | gsi.gps | gsi.mbim,YES,NO,NO,YES,YES,Explicit sdxprairie configfs branch; union of configurations/conditions,6dadf43818257a2a468cfe758883dbc2d94914227e3a98a9007b6f7a87b3efa0
90D6,DIAG + MBIM + GNSS + DUN,YES,cser.dun.0 | diag.diag | ffs.diag | gsi.gps | gsi.mbim,cser.dun.0 | diag.diag | ffs.diag | gsi.gps | gsi.mbim,NO,NO,NO,YES,YES,Explicit sdxprairie configfs branch; union of configurations/conditions,cdb9d76ca4ab289f7f2bb671669318d68ff65dda22d979f746ffd275cad444ee
90D9,DIAG + DIAG_MDM + ADB,NO,diag.diag | diag.diag_mdm | ffs.adb,N/A,N/A,N/A,N/A,N/A,YES,Target falls through to unsupported message,d1290844f07e5252900e7b3694d59e2b4fe506c497b59c08c0bd261a60f17066
90DB,DIAG + DUN + RMNET + DPL + QDSS(Trace) + ADB,YES,cser.dun.0 | diag.diag | ffs.adb | ffs.diag | gser.0 | gsi.dpl | gsi.rmnet | qdss.qdss,cser.dun.0 | diag.diag | ffs.adb | ffs.diag | gser.0 | gsi.dpl | gsi.rmnet | qdss.qdss,YES,NO,NO,YES,YES,Explicit sdxprairie configfs branch; union of configurations/conditions,bfa98a9c53d47c47424f8d06d32c76ebc96ef59e3c9ec124eb35ed5b8a02da3b
90DF,DIAG + UVC,NO,diag.diag | ffs.diag | uvc.0,N/A,N/A,N/A,N/A,N/A,YES,Target falls through to unsupported message,6e267d291503fb0ca834534b7670fd6a05ed1a83f7efca7d712e10d4a21246e5
90E0,DIAG + UAC2 + UVC,NO,diag.diag | ffs.diag | uac2.0 | uvc.0,N/A,N/A,N/A,N/A,N/A,YES,Target falls through to unsupported message,3b269f6bce215827f341d7dc935e91380179757a6c4069b26a65b956df785a4e
90E2,MBIM + GNSS,YES,gsi.gps | gsi.mbim,gsi.gps | gsi.mbim,NO,NO,NO,NO,YES,Explicit sdxprairie configfs branch; union of configurations/conditions,5aecd2275273e90fdab610c214ffc40f6725902875e2824f1d2c2bfcbc5f83a3
90E5,DIAG MSM + DIAG_MDM + QDSS MSM + QDSS_MDM + DUN + DPL + RMNET + ADB,YES,cser.dun.0 | diag.diag | diag.diag_mdm | ffs.adb | ffs.diag | gsi.dpl | gsi.rmnet | qdss.qdss | qdss.qdss_mdm,cser.dun.0 | diag.diag | diag.diag_mdm | ffs.adb | ffs.diag | gsi.dpl | gsi.rmnet | qdss.qdss | qdss.qdss_mdm,YES,NO,NO,YES,YES,Explicit sdxprairie configfs branch; union of configurations/conditions,7bcf0af1f950c794e71b5a0dae27beaa4fb6f24a2a82e88f4245175802750e2b
90E7,RNDIS + DIAG MSM + DIAG_MDM + QDSS MSM + QDSS_MDM + DUN + DPL + ADB,YES,cser.dun.0 | diag.diag | diag.diag_mdm | ffs.adb | ffs.diag | gsi.dpl | gsi.rndis | qdss.qdss | qdss.qdss_mdm,cser.dun.0 | diag.diag | diag.diag_mdm | ffs.adb | ffs.diag | gsi.dpl | gsi.rndis | qdss.qdss | qdss.qdss_mdm,YES,YES,NO,YES,YES,Explicit sdxprairie configfs branch; union of configurations/conditions,568edf8c6dd1080c6f9ec4976a9c04ed66eadee72a9902ed777ee58c60edbf1b
90EC,DIAG + ADB + MBIM + GNSS + DUN + DPL,YES,cser.dun.0 | diag.diag | ffs.adb | ffs.diag | gsi.dpl | gsi.gps | gsi.mbim,cser.dun.0 | diag.diag | ffs.adb | ffs.diag | gsi.dpl | gsi.gps | gsi.mbim,YES,NO,NO,YES,YES,Explicit sdxprairie configfs branch; union of configurations/conditions,a604b169920e62940c641148eae0a993c220dc0b8f0a032f30a2bb755aa0db25
90EF,RNDIS + RmNet + IPC_ROUTER + DIAG,YES,diag.diag | ffs.diag | gsi.rmnet | ipc.ipc | rndis.rndis,diag.diag | ffs.diag | gsi.rmnet | ipc.ipc | rndis.rndis,NO,YES,NO,YES,YES,Explicit sdxprairie configfs branch; union of configurations/conditions,7e5a81ad0a5e675f05de8412d7a0b182d595a9bc1e93b3460f84e501a9d0225b
90F0,RNDIS + RmNet + IPC_ROUTER + DIAG + MODEM + NMEA + ADB,YES,cser.dun.0 | cser.nmea.1 | diag.diag | ffs.adb | ffs.diag | gser.0 | gsi.rmnet | ipc.ipc | rndis.rndis,cser.dun.0 | cser.nmea.1 | diag.diag | ffs.adb | ffs.diag | gser.0 | gsi.rmnet | ipc.ipc | rndis.rndis,YES,YES,NO,YES,YES,Explicit sdxprairie configfs branch; union of configurations/conditions,c7e0a7254d5d24772fc2ab76be30af82a86dbda934d56e6211b580d2cc06e689
90F2,DIAG + ADB + DUN + DPL,YES,cser.dun.0 | diag.diag | ffs.adb | ffs.diag | gser.0 | gsi.dpl,cser.dun.0 | diag.diag | ffs.adb | ffs.diag | gser.0 | gsi.dpl,YES,NO,NO,YES,YES,Explicit sdxprairie configfs branch; union of configurations/conditions,2653f1b9b83d767e62480c3480cbc9794b176cc72d2f7149a676257070d804ba
90FC,DIAG + DUN + Muliplexed 15 pdn RMNET + DPL + QDSS MSM DATA + ADB,YES,cser.dun.0 | diag.diag | ffs.adb | ffs.diag | gser.0 | gsi.dpl | gsi.rmnet | qdss.qdss,cser.dun.0 | diag.diag | ffs.adb | ffs.diag | gser.0 | gsi.dpl | gsi.rmnet | qdss.qdss,YES,NO,NO,YES,YES,Explicit sdxprairie configfs branch; union of configurations/conditions,b502b011d300b4c9f81aa5e95de6e3aeec6516c699ea0dd32d85c90f5fc57c5f
90FD,DIAG + IPC_ROUTER + RmNet + RmNet + ECM (s/w path),YES,diag.diag | ecm.ecm | ffs.diag | gsi.rmnet | gsi.rmnet.v2x | ipc.ipc,diag.diag | ecm.ecm | ffs.diag | gsi.rmnet | gsi.rmnet.v2x | ipc.ipc,NO,NO,YES,YES,YES,Explicit sdxprairie configfs branch; union of configurations/conditions,2cba338b8201f4c2045a71f6d91ab0a5d30cb6809669cbd08a88a66e344bd45d
90FF,MSM DIAG + MDM DIAG + MDM QDSS + MDM ADPL + ADB,NO,diag.diag | diag.diag_mdm | ffs.adb | mdm_data.dpl | mdm_data.qdss,N/A,N/A,N/A,N/A,N/A,YES,Target falls through to unsupported message,4b8a5c685cc0f3d773ebd4e278c01710e3ab378392d1faea1ac04d927330d802
9102,DIAG + IPC_ROUTER + RmNet + RmNet + ECM + QDSS (Trace Only) + ADPL + ADB,YES,diag.diag | ecm.ecm | ffs.adb | gsi.dpl | gsi.rmnet | gsi.rmnet.v2x | ipc.ipc | qdss.qdss,diag.diag | ecm.ecm | ffs.adb | gsi.dpl | gsi.rmnet | gsi.rmnet.v2x | ipc.ipc | qdss.qdss,YES,NO,YES,YES,YES,Explicit sdxprairie configfs branch; union of configurations/conditions,7416c7855911675d412a5a06f92933789d0572bd0238f0ba0d97588f83574175
9103,DIAG + IPC_ROUTER + RmNet + RmNet + ECM + ADPL,YES,diag.diag | ecm.ecm | gsi.dpl | gsi.rmnet | gsi.rmnet.v2x | ipc.ipc,diag.diag | ecm.ecm | gsi.dpl | gsi.rmnet | gsi.rmnet.v2x | ipc.ipc,NO,NO,YES,YES,YES,Explicit sdxprairie configfs branch; union of configurations/conditions,abd658f4524392f2dd630b9d6e8cd32f027c7c302fd9c1db07f98ea8f6c88c73
9104,DIAG + QDSS (Trace Only) + ADPL + ADB,YES,diag.diag | ffs.adb | gsi.dpl | qdss.qdss,diag.diag | ffs.adb | gsi.dpl | qdss.qdss,YES,NO,NO,YES,YES,Explicit sdxprairie configfs branch; union of configurations/conditions,b48f9510e802139e9d04f4d5e7b6084a7caf9474f3549a158ee73d3715c5f609
9105,DIAG + ADPL,YES,diag.diag | gsi.dpl,diag.diag | gsi.dpl,NO,NO,NO,YES,YES,Explicit sdxprairie configfs branch; union of configurations/conditions,b2fcbb44de57e807539f0229cd4487894a443d7ba94d6cd9d15d26836bc28ce5
9106,DIAG + IPC_ROUTER + RmNet + ECM + QDSS (Trace Only) + ADPL + ADB,YES,diag.diag | ffs.adb | gsi.dpl | gsi.ecm | gsi.rmnet.v2x | ipc.ipc | qdss.qdss,diag.diag | ffs.adb | gsi.dpl | gsi.ecm | gsi.rmnet.v2x | ipc.ipc | qdss.qdss,YES,NO,YES,YES,YES,Explicit sdxprairie configfs branch; union of configurations/conditions,1a607f6bcfd16fadd83b7a4a1c8b088fd1b075108fee068ba6974a0c94547022
9107,DIAG + IPC_ROUTER + RmNet + ECM + ADPL,YES,diag.diag | gsi.dpl | gsi.ecm | gsi.rmnet.v2x | ipc.ipc,diag.diag | gsi.dpl | gsi.ecm | gsi.rmnet.v2x | ipc.ipc,NO,NO,YES,YES,YES,Explicit sdxprairie configfs branch; union of configurations/conditions,ec1de679f847b7648888946e8b6669c708b38df40ae2322dcb8e4a11cc0e0042
9108,DIAG + UAC1 + ADB,NO,diag.diag | ffs.adb | uac1.uac1,N/A,N/A,N/A,N/A,N/A,YES,Target falls through to unsupported message,61cf53ba6489aa8ca4910ad4f62d4553d776dc5e4690bfc5fcfe5b3094b0e990
9109,DIAG + UAC1,NO,diag.diag | uac1.uac1,N/A,N/A,N/A,N/A,N/A,YES,Target falls through to unsupported message,ddf845baffe4e2be649b43fe00c9374aa2d8a0f895cd0b882f70a2a8272b3d42
910A,DIAG + RmNet + ADPL + QDSS (Trace Only) + IPC_ROUTER + ECM + ADB,YES,diag.diag | ecm.ecm | ffs.adb | gsi.dpl | gsi.rmnet | ipc.ipc | qdss.qdss,diag.diag | ecm.ecm | ffs.adb | gsi.dpl | gsi.rmnet | ipc.ipc | qdss.qdss,YES,NO,YES,YES,YES,Explicit sdxprairie configfs branch; union of configurations/conditions,9ef09c0f460b06fc032b0e25c4e2b2077ae6d9076cfb68bbf62497ed65cd6c13
910B,DIAG + RmNet + ADPL + IPC_ROUTER + ECM,YES,diag.diag | ecm.ecm | gsi.dpl | gsi.rmnet | ipc.ipc,diag.diag | ecm.ecm | gsi.dpl | gsi.rmnet | ipc.ipc,NO,NO,YES,YES,YES,Explicit sdxprairie configfs branch; union of configurations/conditions,2e42fc4461ff2d68c01a0c8a24c30dc690fc371a493b747ae7287045636095e1
910C,DIAG + ADPL + QDSS (Trace Only) + IPC_ROUTER + ECM + ADB,YES,diag.diag | ffs.adb | gsi.dpl | gsi.ecm | ipc.ipc | qdss.qdss,diag.diag | ffs.adb | gsi.dpl | gsi.ecm | ipc.ipc | qdss.qdss,YES,NO,YES,YES,YES,Explicit sdxprairie configfs branch; union of configurations/conditions,a689083b816109519a1347246ea48a6baf947fb8dff65b2d09cc8f16341de4ba
910D,DIAG + ADPL + IPC_ROUTER + ECM,YES,diag.diag | gsi.dpl | gsi.ecm | ipc.ipc,diag.diag | gsi.dpl | gsi.ecm | ipc.ipc,NO,NO,YES,YES,YES,Explicit sdxprairie configfs branch; union of configurations/conditions,8f3d6e5abd19946d79b6f33550c38a12147f29bfd37f8e7a4aed4c50c0553a51
F000,Mass Storage,YES,mass_storage.0,mass_storage.0,NO,NO,NO,NO,YES,Explicit sdxprairie configfs branch; union of configurations/conditions,aad37e95be8e30225b1a8c9cf2981fa7abcfb1bffb063f2e3f11d887d74340fc
